Elapsed (s),Time,nGen-400 Uptime,nGen-400 Hours,Anode PWM_Duty_Cycle,Anode Voltage,Anode Current,Getter PWM_Duty_Cycle,Getter Current,Neutron Counts,Neutron Count_Rate,Neutron Count_Rate_Avg,Neutron Count_Rate_Stdev_Pct,RF Freq_Synth,Suppressor Current,Suppressor Voltage,Pulsing Rep_Rate,Pulsing Duty_Cycle,Pulsing Ext_Trig_Select,Calculations Current_Ratio,Faults Anode_Voltage_Too_High,Faults Arc_dI_dt,Faults Arc_I,Faults Blinkout,Faults E_Beam_Power_Too_High,Faults Interlock,Faults Suppressor_Voltage_Too_Low,State_Machine State,State_Machine Source,State_Machine Destination,State_Machine Fault
0.0,4/22/2026 1:25:34 PM,624.2,110.5,0,1.162,0.04166,0,0.01128,0,0,0,100,16.28,0.002095,0,1,1,0,0,1,0,1,-1,1,0,4,2.25,2,4,[ OK ]
1.2,4/22/2026 1:25:35 PM,625.4,110.5,0,0.5094,0.04166,0.2497,0.1973,0,0,0,100,16.28,0.00282,0,1,1,0,0,1,0,1,-1,1,0,4,3,2,4,[ OK ]
2.4,4/22/2026 1:25:36 PM,626.7,110.5,0,1.082,0.04215,0.3327,0.6772,0,0,0,100,16.28,0.0029,0,1,1,0,0,1,0,1,-1,1,0,4,3,3,4,[ OK ]
3.7,4/22/2026 1:25:38 PM,627.9,110.5,0,0.8596,0.04285,0.3863,0.9797,0,0,0,100,16.28,0.002739,0.1459,1,1,0,0,1,0,1,-1,1,0,4,3.105,3,4,[ OK ]
4.9,4/22/2026 1:25:39 PM,629.1,110.5,0,0.8914,0.04404,0.4226,1.168,0,0,0,100,16.28,0.204,404.5,1,1,0,0,1,0,1,-1,1,0,1,3.211,3,4,[ OK ]
6.2,4/22/2026 1:25:40 PM,630.3,110.5,0,1.13,0.04106,0.4449,1.294,0,0,0,100,16.28,0.2049,404.1,200,1,0,0,1,0,1,-1,1,0,1,3.368,3,4,[ OK ]
7.4,4/22/2026 1:25:41 PM,631.5,110.5,0,0.9232,0.04195,0.4598,1.369,0,0,0,100,16.28,0.2055,404.5,200,1,0,0,1,0,1,-1,1,0,1,3.526,3,4,[ OK ]
8.5,4/22/2026 1:25:42 PM,632.7,110.5,0.02548,9.551,0.04523,0.4688,1.427,0,0,0,100,16.28,0.2052,404.2,200,1,0,-1,1,0,1,-1,1,1,1,3.632,3,4,[ OK ]
9.8,4/22/2026 1:25:44 PM,634,110.5,0.03259,24.45,0.04483,0.4758,1.46,0,0,0,100,16.28,0.2063,404.2,200,1,0,-1,1,0,1,-1,1,1,1,3.789,3,4,[ OK ]
10.8,4/22/2026 1:25:45 PM,635.2,110.5,0.0378,32.89,0.04602,0.6159,2.195,0,0,0,100,16.28,0.2067,404,200,1,0,-1,1,0,1,-1,1,1,1,3.789,3,4,[ OK ]
11.4,4/22/2026 1:25:45 PM,636.2,110.5,0.04047,37.02,0.04662,0.6469,2.359,0,0,0,100,16.28,0.2063,404.4,200,1,0,-1,1,0,1,-1,1,1,1,3.789,3,4,[ OK ]
11.9,4/22/2026 1:25:46 PM,636.7,110.5,0.04131,40.75,0.04731,0.6616,2.424,0,0,0,100,16.28,0.2059,404.4,200,1,0,-1,1,0,1,-1,1,1,1,3.789,3,4,[ OK ]
12.4,4/22/2026 1:25:46 PM,637.2,110.5,0.04238,41.43,0.0482,0.6712,2.477,0,0,0,100,16.28,0.2068,404.3,200,1,0,-1,1,0,1,-1,1,1,1,3.789,3,4,[ OK ]
12.9,4/22/2026 1:25:47 PM,637.7,110.5,0.04335,42.61,0.04652,0.6829,2.515,0,0,0,100,16.28,0.2068,404.2,200,1,0,-1,1,0,1,-1,1,1,1,3.789,3,4,[ OK ]
13.3,4/22/2026 1:25:47 PM,638.1,110.5,0.04373,43.66,0.04662,0.6877,2.553,0,0,0,100,16.28,0.2074,404.1,200,1,0,-1,1,0,1,-1,1,1,1,3.789,3,4,[ OK ]
13.7,4/22/2026 1:25:48 PM,638.5,110.5,0.04435,44.24,0.04691,0.6949,2.578,0,0,0,100,16.28,0.2081,404.1,200,1,0,-1,1,0,1,-1,1,1,1,3.789,3,4,[ OK ]
14.0,4/22/2026 1:25:48 PM,638.9,110.5,0.0447,44.76,0.05009,0.7001,2.594,0,0,0,100,16.28,0.2063,404.5,200,1,0,-1,1,0,1,-1,1,1,1,3.789,3,4,[ OK ]
14.5,4/22/2026 1:25:48 PM,639.3,110.5,0.04505,45.64,0.04622,0.7057,2.618,0,0,0,100,16.28,0.2079,404.1,200,1,0,-1,1,0,1,-1,1,1,1,3.789,3,4,[ OK ]
15.0,4/22/2026 1:25:49 PM,639.9,110.5,0.04544,46.61,0.04662,0.7116,2.646,0,0,0,100,16.28,0.2078,404.1,200,1,0,-1,1,0,1,-1,1,1,1,3.789,3,4,[ OK ]
15.6,4/22/2026 1:25:49 PM,640.3,110.5,0.04597,46.34,0.04691,0.7173,2.651,0,0,0,100,16.28,0.2074,404.5,200,1,0,-1,1,0,1,-1,1,1,1,3.789,3,4,[ OK ]
16.0,4/22/2026 1:25:50 PM,640.9,110.5,0.04685,44.9,0.04761,0.7221,2.672,0,0,0,100,16.28,0.2078,404.1,200,1,0,-1,1,0,1,-1,1,1,1,3.789,3,4,[ OK ]
16.5,4/22/2026 1:25:50 PM,641.2,110.5,0.04623,47.83,0.04622,0.725,2.681,0,0,0,100,16.28,0.2065,404.4,200,1,0,-1,1,0,1,-1,1,1,1,3.789,3,4,[ OK ]
16.9,4/22/2026 1:25:51 PM,641.8,110.5,0.04654,47.55,0.04622,0.7293,2.696,0,0,0,100,16.28,0.2069,404.1,200,1,0,-1,1,0,1,-1,1,1,1,3.789,3,4,[ OK ]
17.4,4/22/2026 1:25:51 PM,642.1,110.5,0.04625,48.9,0.04572,0.7319,2.703,0,0,0,100,16.28,0.2081,404.1,200,1,0,-1,1,0,1,-1,1,1,1,3.789,3,4,[ OK ]
17.7,4/22/2026 1:25:52 PM,642.6,110.5,0.04641,48.9,0.04434,0.7353,2.709,0,0,0,100,16.28,0.2079,404.2,200,1,0,-1,1,0,1,-1,1,1,1,3.789,3,4,[ OK ]
18.1,4/22/2026 1:25:52 PM,642.9,110.5,0.0465,49.03,0.04701,0.7377,2.713,0,0,0,100,16.28,0.2095,404.1,200,1,0,-1,1,0,1,-1,1,1,1,3.789,3,4,[ OK ]
18.6,4/22/2026 1:25:52 PM,643.4,110.5,0.04671,48.9,0.04394,0.7403,2.721,0,0,0,100,16.28,0.2098,404.2,200,1,0,-1,1,0,1,-1,1,1,1,3.789,3,4,[ OK ]
19.1,4/22/2026 1:25:53 PM,643.9,110.5,0.04689,48.9,0.04414,0.7438,2.727,0,0,0,100,16.28,0.2075,404.4,200,1,0,-1,1,0,1,-1,1,1,1,3.789,3,4,[ OK ]
19.5,4/22/2026 1:25:53 PM,644.3,110.5,0.04699,48.91,0.0482,0.7455,2.733,0,0,0,100,16.28,0.2063,404.1,200,1,0,-1,1,0,1,-1,1,1,1,3.789,3,4,[ OK ]
19.8,4/22/2026 1:25:54 PM,644.7,110.5,0.04694,49.52,0.04781,0.7483,2.735,0,0,0,100,16.28,0.2092,404.2,200,1,0,-1,1,0,1,-1,1,1,1,3.789,3,4,[ OK ]
20.2,4/22/2026 1:25:54 PM,645.1,110.5,0.04719,48.96,0.0485,0.7505,2.733,0,0,0,100,16.28,0.2078,404.4,200,1,0,-1,1,0,1,-1,1,1,1,3.789,3,4,[ OK ]
20.7,4/22/2026 1:25:55 PM,645.5,110.5,0.04728,48.95,0.04374,0.7518,2.745,0,0,0,100,16.28,0.2061,404.5,200,1,0,-1,1,0,1,-1,1,1,1,3.789,3,4,[ OK ]
21.1,4/22/2026 1:25:55 PM,645.9,110.5,0.04721,49.52,0.04424,0.7544,2.745,0,0,0,100,16.28,0.207,404,200,1,0,-1,1,0,1,-1,1,1,1,3.789,3,4,[ OK ]
21.6,4/22/2026 1:25:55 PM,646.4,110.5,0.04711,50.2,0.0489,0.7572,2.739,0,0,0,100,16.28,0.2083,404.4,200,1,0,-1,1,0,1,-1,1,1,1,3.789,3,4,[ OK ]
22.1,4/22/2026 1:25:56 PM,646.9,110.5,0.04745,49.34,0.04801,0.7593,2.747,0,0,0,100,16.28,0.2073,404.1,200,1,0,-1,1,0,1,-1,1,1,1,3.789,3,4,[ OK ]
22.5,4/22/2026 1:25:56 PM,647.3,110.5,0.04729,50.05,0.04672,0.7609,2.748,0,0,0,100,16.28,0.2065,404.4,200,1,0,-1,1,0,1,-1,1,1,1,3.789,3,4,[ OK ]
23.0,4/22/2026 1:25:57 PM,647.8,110.5,0.04748,49.68,0.04662,0.7634,2.75,0,0,0,100,16.28,0.2098,404.4,200,1,0,-1,1,0,1,-1,1,1,1,3.789,3,4,[ OK ]
23.5,4/22/2026 1:25:57 PM,648.3,110.5,0.04748,49.84,0.05019,0.766,2.746,0,0,0,100,16.28,0.207,404.2,200,1,0,-1,1,0,1,-1,1,1,1,3.789,3,4,[ OK ]
24.0,4/22/2026 1:25:58 PM,648.9,110.5,0.04756,49.68,0.04939,0.7677,2.756,0,0,0,100,16.28,0.2075,404.4,200,1,0,-1,1,0,1,-1,1,1,1,3.789,3,4,[ OK ]
24.4,4/22/2026 1:25:58 PM,649.2,110.5,0.0476,49.71,0.04672,0.7694,2.755,0,0,0,100,16.28,0.2092,404.5,200,1,0,-1,1,0,1,-1,1,1,1,3.789,3,4,[ OK ]
24.9,4/22/2026 1:25:59 PM,649.8,110.5,0.04757,49.92,0.04652,0.7717,2.757,0,0,0,100,16.28,0.2082,404.5,200,1,0,-1,1,0,1,-1,1,1,1,3.789,3,4,[ OK ]
25.5,4/22/2026 1:25:59 PM,650.2,110.5,0.04761,49.9,0.05108,0.7737,2.756,0,0,0,100,16.28,0.2074,404.3,200,1,0,-1,1,0,1,-1,1,1,1,3.789,3,4,[ OK ]
25.8,4/22/2026 1:26:00 PM,650.7,110.5,0.04752,50.28,0.04592,0.776,2.752,0,0,0,100,16.28,0.2072,404.4,200,1,0,-1,1,0,1,-1,1,1,1,3.789,3,4,[ OK ]
26.1,4/22/2026 1:26:00 PM,651,110.5,0.04764,49.97,0.04344,0.777,2.756,0,0,0,100,16.28,0.2083,404.4,200,1,0,-1,1,0,1,-1,1,1,1,3.789,3,4,[ OK ]
26.7,4/22/2026 1:26:01 PM,651.5,110.5,0.04768,49.9,0.04731,0.7788,2.756,0,0,0,100,16.28,0.2083,404.2,200,1,0,-1,1,0,1,-1,1,1,1,3.789,3,4,[ OK ]
27.1,4/22/2026 1:26:01 PM,652,110.5,0.04754,50.44,0.04344,0.7809,2.758,0,0,0,100,16.28,0.2091,404.4,200,1,0,-1,1,0,1,-1,1,1,1,3.789,3,4,[ OK ]
27.7,4/22/2026 1:26:02 PM,652.5,110.5,0.04781,49.66,0.04662,0.7826,2.759,0,0,0,100,16.28,0.2071,404.2,200,1,0,-1,1,0,1,-1,1,1,1,3.789,3,4,[ OK ]
28.2,4/22/2026 1:26:02 PM,653,110.5,0.04775,49.89,0.04632,0.7845,2.762,0,0,0,100,16.28,0.2083,404.2,200,1,0,-1,1,0,1,-1,1,1,1,3.789,3,4,[ OK ]
28.7,4/22/2026 1:26:03 PM,653.5,110.5,0.04758,50.6,0.04682,0.7864,2.76,0,0,0,100,16.28,0.2064,404.1,200,1,0,-1,1,0,1,-1,1,1,1,3.789,3,4,[ OK ]
29.1,4/22/2026 1:26:03 PM,654,110.5,0.04778,50.03,0.04582,0.7886,2.76,0,0,0,100,16.28,0.2084,404.2,200,1,0,-1,1,0,1,-1,1,1,1,3.789,3,4,[ OK ]
29.7,4/22/2026 1:26:04 PM,654.5,110.5,0.04783,49.84,0.04711,0.7902,2.761,0,0,0,100,16.28,0.2075,404.1,200,1,0,-1,1,0,1,-1,1,1,1,3.789,3,4,[ OK ]
30.2,4/22/2026 1:26:04 PM,655,110.5,0.04768,50.36,0.0485,0.792,2.765,0,0,0,100,16.28,0.2078,404.1,200,1,0,-1,1,0,1,-1,1,1,1,3.789,3,4,[ OK ]
30.7,4/22/2026 1:26:05 PM,655.5,110.5,0.04775,50.12,0.04771,0.7943,2.756,0,0,0,100,16.28,0.2076,404.1,200,1,0,-1,1,0,1,-1,1,1,1,3.789,3,4,[ OK ]
31.2,4/22/2026 1:26:05 PM,656,110.5,0.04777,50.05,0.04691,0.7955,2.765,0,0,0,100,16.28,0.208,404.4,200,1,0,-1,1,0,1,-1,1,1,1,3.789,3,4,[ OK ]
31.7,4/22/2026 1:26:06 PM,656.5,110.5,0.04794,49.36,0.04741,0.7976,2.759,0,0,0,100,16.28,0.2078,404,200,1,0,-1,1,0,1,-1,1,1,1,3.789,3,4,[ OK ]
32.2,4/22/2026 1:26:06 PM,657,110.5,0.04763,50.38,0.04453,0.7993,2.761,0,0,0,100,16.28,0.2075,404.4,200,1,0,-1,1,0,1,-1,1,1,1,3.789,3,4,[ OK ]
32.7,4/22/2026 1:26:07 PM,657.5,110.5,0.04765,50.38,0.04989,0.8006,2.762,0,0,0,100,16.28,0.2073,404.4,200,1,0,-1,1,0,1,-1,1,1,1,3.789,3,4,[ OK ]
33.2,4/22/2026 1:26:07 PM,658,110.5,0.04851,47.78,0.2455,0.8025,2.762,0,0,0,100,16.28,0.2754,404.6,200,1,0,-0.1065,1,1,1,-1,1,1,1,3.789,3,4,[ OK ]
34.4,4/22/2026 1:26:08 PM,658.6,110.5,0.05176,40.75,0.266,0.7154,2.365,0,0,0,100,16.28,0.2833,404.3,200,1,0,-0.04989,1,1,1,-1,1,1,1,3.947,3,4,[ OK ]
35.6,4/22/2026 1:26:09 PM,659.9,110.5,0.06238,28.64,0.3473,0.655,2.094,0,0,0,100,16.28,0.3072,404,200,1,0,0.1166,1,1,1,1,1,1,1,4,4,-1,[ OK ]
37.5,4/22/2026 1:26:11 PM,662.1,110.5,0.08461,27.12,0.4645,0.5966,1.827,0,0,0,100,16.28,0.3371,404.4,200,1,0,0.2757,1,1,1,1,1,1,1,4,4,-1,[ OK ]
38.1,4/22/2026 1:26:12 PM,662.9,110.5,0.09701,30.55,0.5324,0.5837,1.754,0,0,0,100,16.28,0.3559,404.3,200,1,0,0.346,1,1,1,1,1,1,1,4,4,-1,[ OK ]
38.5,4/22/2026 1:26:12 PM,663.4,110.5,0.104,32.6,0.5811,0.5758,1.73,0,0,0,100,16.28,0.3669,404.1,200,1,0,0.3709,1,1,1,1,1,1,1,4,4,-1,[ OK ]
39.1,4/22/2026 1:26:13 PM,663.8,110.5,0.1099,32.6,0.6133,0.571,1.705,0,0,0,100,16.28,0.3758,404.2,200,1,0,0.3989,1,1,1,1,1,1,1,4,4,-1,[ OK ]
39.5,4/22/2026 1:26:13 PM,664.4,110.5,0.1237,33.63,0.6989,0.5653,1.683,0,0,0,100,16.28,0.3925,404,200,1,0,0.4365,1,1,1,1,1,1,1,4,4,-1,[ OK ]
40.4,4/22/2026 1:26:14 PM,664.8,110.5,0.1305,36.56,0.5328,0.561,1.67,0,0,0,100,16.28,0.385,404.4,200,1,0,0.2731,1,1,1,1,1,1,1,4,4,-1,[ OK ]
40.8,4/22/2026 1:26:15 PM,665.7,110.5,0.1438,67.75,0.4485,0.5544,1.626,0,0,0,100,16.28,0.2695,404.1,200,1,0,0.5549,1,1,1,1,1,1,1,4,4,-1,[ OK ]
41.2,4/22/2026 1:26:15 PM,666.1,110.5,0.1493,70.64,0.3819,0.5511,1.623,0,0,0,100,16.28,0.3169,404.1,200,1,0,0.1562,1,1,1,1,1,1,1,4,4,-1,[ OK ]
41.6,4/22/2026 1:26:15 PM,666.5,110.5,0.1554,70.8,0.3639,0.5491,1.61,0,0,0,100,16.28,0.2112,404.4,200,1,0,0.8697,1,1,1,1,1,1,1,4,4,-1,[ OK ]
42.3,4/22/2026 1:26:16 PM,667.1,110.5,0.1657,68.11,0.2995,0.5466,1.591,0,0,0,100,16.28,0.2127,404.1,200,1,0,0.8047,1,1,1,1,1,1,1,4,4,-1,[ OK ]
42.8,4/22/2026 1:26:17 PM,667.7,110.5,0.1732,69.53,1.366,0.544,1.587,0,0,0,100,16.28,0.2153,404,200,1,0,0.8541,1,1,1,1,1,1,1,4,4,-1,[ OK ]
43.3,4/22/2026 1:26:17 PM,668.2,110.5,0.1793,73.99,1.036,0.542,1.581,1,1.941,0.1852,100,16.28,0.4616,404.4,200,1,0,-0.4375,1,1,1,1,1,1,1,4,4,-1,[ OK ]
44.0,4/22/2026 1:26:18 PM,668.8,110.5,0.1882,73.99,1.104,0.5399,1.573,1,0,0.163,100,16.28,0.4761,404.3,200,1,0,0.5683,1,1,1,1,1,1,1,4,4,-1,[ OK ]
44.6,4/22/2026 1:26:18 PM,669.5,110.5,0.1975,73.35,1.156,0.5388,1.56,1,0,0.1436,100,16.28,0.4853,404.3,200,1,0,0.5798,1,1,1,1,1,1,1,4,4,-1,[ OK ]
45.3,4/22/2026 1:26:19 PM,670.2,110.5,0.2073,75.26,1.217,0.5363,1.563,1,0,0.1237,100,16.28,0.4965,404.6,200,1,0,0.5909,1,1,1,1,1,1,1,4,4,-1,[ OK ]
46.2,4/22/2026 1:26:20 PM,671,110.5,0.2162,81.5,1.266,0.5349,1.556,1,0,0.1043,100,16.28,0.5031,404,200,1,0,0.6023,1,1,1,1,1,1,1,4,4,-1,[ OK ]
46.9,4/22/2026 1:26:21 PM,671.8,110.5,0.2229,86.32,1.299,0.5338,1.552,1,0,0.08995,100,16.28,0.5059,404.2,200,1,0,0.6106,1,1,1,1,1,1,1,4,4,-1,[ OK ]
47.7,4/22/2026 1:26:22 PM,672.5,110.5,0.2275,93.58,1.319,0.533,1.547,1,0,0.07752,100,16.28,0.5041,404.2,200,1,0,0.6164,1,1,1,1,1,1,1,4,4,-1,[ OK ]
48.6,4/22/2026 1:26:22 PM,673.5,110.5,0.2315,101.4,1.357,0.5323,1.539,1,0,0.06392,100,16.28,0.5022,404.1,200,1,0,0.6267,1,1,1,1,1,1,1,4,4,-1,[ OK ]
49.6,4/22/2026 1:26:23 PM,674.4,110.5,0.2344,106.8,1.338,0.5314,1.537,1,0,0.05275,100,16.28,0.4948,404,200,1,0,0.6286,1,1,1,1,1,1,1,4,4,-1,[ OK ]
50.4,4/22/2026 1:26:24 PM,675.3,110.5,0.2346,114.1,1.287,0.531,1.532,1,0,0.04453,100,16.28,0.4777,404.1,200,1,0,0.6284,1,1,1,1,1,1,1,4,4,-1,[ OK ]
51.3,4/22/2026 1:26:25 PM,676.1,110.5,0.2309,126.6,0.06259,0.5303,1.532,4,3.539,0.5926,100,16.28,0.2137,404.2,200,1,0,-1,1,0,1,2.042,1,1,1,4,4,-1,[ OK ]
52.0,4/22/2026 1:26:26 PM,676.9,110.5,0.2181,152.5,0.0616,0.5299,1.531,4,0,0.5098,100,16.28,0.2135,404.3,200,1,0,-1,1,0,1,2.195,1,1,1,4,4,-1,[ OK ]
52.8,4/22/2026 1:26:27 PM,677.6,110.5,0.2061,163,0.0616,0.5297,1.529,4,0,0.439,100,16.28,0.2121,404.3,200,1,0,-1,1,0,1,2.345,1,1,1,4,4,-1,[ OK ]
53.5,4/22/2026 1:26:27 PM,678.4,110.5,0.1958,164.5,0.05931,0.5288,1.535,4,0,0.3778,100,16.28,0.212,404.1,200,1,0,-1,1,0,1,2.496,1,1,1,4,4,-1,[ OK ]
54.3,4/22/2026 1:26:28 PM,679.1,110.5,0.1864,163,0.05812,0.5284,1.536,4,0,0.3252,100,16.28,0.2119,404,200,1,0,-1,1,0,1,2.646,1,1,1,4,4,-1,[ OK ]
55.0,4/22/2026 1:26:29 PM,679.9,110.5,0.1785,158.9,0.0616,0.5281,1.536,4,0,0.28,100,16.28,0.2129,404.4,200,1,0,-1,1,0,1,2.784,1,1,1,4,4,-1,[ OK ]
55.8,4/22/2026 1:26:30 PM,680.6,110.5,0.1716,154.8,0.06001,0.5288,1.526,4,0,0.2419,100,16.28,0.2115,404.3,200,1,0,-1,1,0,1,2.944,1,1,1,4,4,-1,[ OK ]
57.2,4/22/2026 1:26:31 PM,681.5,110.5,0.1649,149.6,0.05921,0.5282,1.529,4,0,0.2037,100,16.28,0.2117,404.3,200,1,0,-1,1,0,1,3,1,1,1,3.875,4,2,[ OK ]
59.0,4/22/2026 1:26:33 PM,683.3,110.5,0,84.54,0.04414,0.5276,1.532,4,0,0.1388,100,16.28,0.2077,404,200,1,0,0,1,0,1,-1,1,0,1,3.625,4,2,[ OK ]
60.9,4/22/2026 1:26:35 PM,685.2,110.5,0,29.5,0.04344,0.5271,1.535,4,0,0.09182,100,16.28,0.2057,404.4,200,1,0,0,1,0,1,-1,1,0,1,3.625,4,2,[ OK ]
61.7,4/22/2026 1:26:36 PM,686.5,110.5,0,13.2,0.04156,0.5268,1.532,4,0,0.0715,100,16.28,0.2054,404.3,200,1,0,0,1,0,1,-1,1,0,1,3.625,4,2,[ OK ]
63.0,4/22/2026 1:26:37 PM,687.2,110.5,0,8.277,0.04434,0.5263,1.536,4,0,0.06202,100,16.28,0.2075,404,200,0,0,0,1,0,1,-1,1,0,1,3.125,4,2,[ OK ]
64.2,4/22/2026 1:26:38 PM,688.5,110.5,0,4.696,0.03908,0.5262,1.535,4,0,0.04811,100,16.28,0.002175,1.631,200,0,0,0,1,0,1,-1,1,0,2.502,3,3,2,[ OK ]
