Elapsed (s),Time,nGen-400 Uptime,nGen-400 Hours,Anode PWM_Duty_Cycle,Anode Voltage,Anode Current,Getter PWM_Duty_Cycle,Getter Current,Neutron Counts,Neutron Count_Rate,Neutron Count_Rate_Avg,Neutron Count_Rate_Stdev_Pct,RF Freq_Synth,Suppressor Current,Suppressor Voltage,Pulsing Rep_Rate,Pulsing Duty_Cycle,Pulsing Ext_Trig_Select,Calculations Current_Ratio,Faults Anode_Voltage_Too_High,Faults Arc_dI_dt,Faults Arc_I,Faults Blinkout,Faults E_Beam_Power_Too_High,Faults Interlock,Faults Suppressor_Voltage_Too_Low,State_Machine State,State_Machine Source,State_Machine Destination,State_Machine Fault
0.0,10-Mar-26 10:11:20,1.088E+06,96.6,0,0.8914,0.03928,0,0.01047,0,0,0,100,16.28,0.002417,0.09517,1,1,0,0,1,0,1,-1,1,0,4,2.25,2,4,[ OK ]
1.4,10-Mar-26 10:11:21,1.088E+06,96.6,0,0.8914,0.04215,0.2704,0.3145,0,0,0,100,16.28,0.0003626,0,1,1,0,0,1,0,1,-1,1,0,4,3,2,4,[ OK ]
2.9,10-Mar-26 10:11:22,1.088E+06,96.6,0,0.5094,0.04295,0.3572,0.7997,0,0,0,100,16.28,0.002538,0,1,1,0,0,1,0,1,-1,1,0,4,3,3,4,[ OK ]
4.4,10-Mar-26 10:11:24,1.088E+06,96.6,0,0.8277,0.04295,0.4091,1.088,0,0,0,100,16.28,0.002659,0.006345,1,1,0,0,1,0,1,-1,1,0,4,3.105,3,4,[ OK ]
5.9,10-Mar-26 10:11:25,1.088E+06,96.6,0,1.464,0.04215,0.4425,1.279,0,0,0,100,16.28,0.204,404.2,1,1,0,0,1,0,1,-1,1,0,1,3.211,3,4,[ OK ]
7.6,10-Mar-26 10:11:27,1.088E+06,96.6,0,0.8914,0.04245,0.4622,1.378,0,0,0,100,16.28,0.2093,404.2,200,1,0,0,1,0,1,-1,1,0,1,3.368,3,4,[ OK ]
9.2,10-Mar-26 10:11:29,1.088E+06,96.6,0,0.9232,0.04344,0.4748,1.432,0,0,0,100,16.28,0.21,404.6,200,1,0,0,1,0,1,-1,1,0,1,3.526,3,4,[ OK ]
10.7,10-Mar-26 10:11:30,1.088E+06,96.6,0.02788,15.85,0.04602,0.4809,1.476,0,0,0,100,16.28,0.2088,404.1,200,1,0,-1,1,0,1,-1,1,1,1,3.632,3,4,[ OK ]
12.3,10-Mar-26 10:11:32,1.088E+06,96.6,0.03612,29.27,0.04572,0.5793,1.991,0,0,0,100,16.28,0.209,404.4,200,1,0,-1,1,0,1,-1,1,1,1,3.789,3,4,[ OK ]
13.7,10-Mar-26 10:11:33,1.088E+06,96.6,0.04049,38.93,0.04602,0.6439,2.327,0,0,0,100,16.28,0.2107,404.5,200,1,0,-1,1,0,1,-1,1,1,1,3.789,3,4,[ OK ]
14.7,10-Mar-26 10:11:34,1.088E+06,96.6,0.04356,42.21,0.04572,0.6801,2.483,0,0,0,100,16.28,0.2094,404.5,200,1,0,-1,1,0,1,-1,1,1,1,3.789,3,4,[ OK ]
15.5,10-Mar-26 10:11:35,1.088E+06,96.6,0.04458,44.12,0.04543,0.6946,2.539,0,0,0,100,16.28,0.2106,404.2,200,1,0,-1,1,0,1,-1,1,1,1,3.789,3,4,[ OK ]
16.3,10-Mar-26 10:11:36,1.088E+06,96.6,0.04534,45.73,0.04682,0.7057,2.593,0,0,0,100,16.28,0.2104,404.4,200,1,0,-1,1,0,1,-1,1,1,1,3.789,3,4,[ OK ]
17.1,10-Mar-26 10:11:37,1.088E+06,96.6,0.04597,46.65,0.04622,0.715,2.633,0,0,0,100,16.28,0.2119,404.5,200,1,0,-1,1,0,1,-1,1,1,1,3.789,3,4,[ OK ]
17.6,10-Mar-26 10:11:37,1.088E+06,96.6,0.04639,47.28,0.0482,0.7222,2.656,0,0,0,100,16.28,0.2141,404.5,200,1,0,-1,1,0,1,-1,1,1,1,3.789,3,4,[ OK ]
18.3,10-Mar-26 10:11:38,1.088E+06,96.6,0.04664,47.85,0.04652,0.7276,2.673,0,0,0,100,16.28,0.2114,404.1,200,1,0,-1,1,0,1,-1,1,1,1,3.789,3,4,[ OK ]
18.9,10-Mar-26 10:11:38,1.088E+06,96.6,0.04698,47.93,0.0487,0.7329,2.692,0,0,0,100,16.28,0.2105,404.1,200,1,0,-1,1,0,1,-1,1,1,1,3.789,3,4,[ OK ]
19.5,10-Mar-26 10:11:39,1.088E+06,96.6,0.04711,48.66,0.0489,0.738,2.705,0,0,0,100,16.28,0.2124,404.4,200,1,0,-1,1,0,1,-1,1,1,1,3.789,3,4,[ OK ]
20.1,10-Mar-26 10:11:40,1.088E+06,96.6,0.04741,48.34,0.04682,0.741,2.715,0,0,0,100,16.28,0.2131,404.1,200,1,0,-1,1,0,1,-1,1,1,1,3.789,3,4,[ OK ]
20.6,10-Mar-26 10:11:40,1.088E+06,96.6,0.04708,50.16,0.049,0.7456,2.721,0,0,0,100,16.28,0.2127,404.3,200,1,0,-1,1,0,1,-1,1,1,1,3.789,3,4,[ OK ]
21.2,10-Mar-26 10:11:41,1.088E+06,96.6,0.04763,48.88,0.04622,0.7493,2.717,0,0,0,100,16.28,0.213,404.2,200,1,0,-1,1,0,1,-1,1,1,1,3.789,3,4,[ OK ]
21.7,10-Mar-26 10:11:41,1.088E+06,96.6,0.0478,48.95,0.04493,0.752,2.735,0,0,0,100,16.28,0.2139,404.4,200,1,0,-1,1,0,1,-1,1,1,1,3.789,3,4,[ OK ]
22.4,10-Mar-26 10:11:42,1.088E+06,96.6,0.04777,49.39,0.04582,0.7549,2.739,0,0,0,100,16.28,0.2104,404.2,200,1,0,-1,1,0,1,-1,1,1,1,3.789,3,4,[ OK ]
23.0,10-Mar-26 10:11:43,1.088E+06,96.6,0.04796,49.04,0.04959,0.7587,2.736,0,0,0,100,16.28,0.2114,404.3,200,1,0,-1,1,0,1,-1,1,1,1,3.789,3,4,[ OK ]
23.6,10-Mar-26 10:11:43,1.088E+06,96.6,0.04789,49.52,0.0492,0.7624,2.735,0,0,0,100,16.28,0.2138,404.4,200,1,0,-1,1,0,1,-1,1,1,1,3.789,3,4,[ OK ]
24.1,10-Mar-26 10:11:44,1.088E+06,96.6,0.048,49.44,0.05178,0.764,2.742,0,0,0,100,16.28,0.2132,404.4,200,1,0,-1,1,0,1,-1,1,1,1,3.789,3,4,[ OK ]
24.7,10-Mar-26 10:11:44,1.088E+06,96.6,0.04817,49.28,0.0489,0.7666,2.751,0,0,0,100,16.28,0.2125,404.3,200,1,0,-1,1,0,1,-1,1,1,1,3.789,3,4,[ OK ]
25.3,10-Mar-26 10:11:45,1.088E+06,96.6,0.04812,49.65,0.05138,0.7695,2.747,0,0,0,100,16.28,0.2114,404.5,200,1,0,-1,1,0,1,-1,1,1,1,3.789,3,4,[ OK ]
25.8,10-Mar-26 10:11:45,1.088E+06,96.6,0.04831,49.31,0.05386,0.7713,2.756,0,0,0,100,16.28,0.213,404.1,200,1,0,-1,1,0,1,-1,1,1,1,3.789,3,4,[ OK ]
26.4,10-Mar-26 10:11:46,1.088E+06,96.6,0.04855,48.84,0.0862,0.7745,2.746,0,0,0,100,16.28,0.2168,404.3,200,1,0,-1,1,0,1,-1,1,1,1,3.789,3,4,[ OK ]
27.7,10-Mar-26 10:11:47,1.088E+06,96.6,0.04892,48.44,0.1192,0.7764,2.757,0,0,0,100,16.28,0.2131,404.4,200,1,0,-1,1,0,1,-1,1,1,1,3.947,3,4,[ OK ]
28.9,10-Mar-26 10:11:48,1.088E+06,96.6,0.0492,48.39,0.2022,0.6331,2.06,0,0,0,100,16.28,0.2269,404.1,200,1,0,-0.1217,1,1,1,1,1,1,1,4,4,-1,[ OK ]
31.1,10-Mar-26 10:11:51,1.088E+06,96.6,0.05789,49.82,0.1489,0.5772,1.778,0,0,0,100,16.28,0.2243,404.4,200,1,0,-0.4978,1,1,1,1,1,1,1,4,4,-1,[ OK ]
32.0,10-Mar-26 10:11:52,1.088E+06,96.6,0.06871,56.52,0.1632,0.5615,1.713,0,0,0,100,16.28,0.2267,404.2,200,1,0,-0.4045,1,1,1,1,1,1,1,4,4,-1,[ OK ]
32.6,10-Mar-26 10:11:52,1.088E+06,96.6,0.07701,61.08,0.3037,0.555,1.683,0,0,0,100,16.28,0.2405,404.2,200,1,0,0.216,1,1,1,1,1,1,1,4,4,-1,[ OK ]
33.1,10-Mar-26 10:11:53,1.088E+06,96.6,0.08173,62.59,0.3076,0.5508,1.659,0,0,0,100,16.28,0.2394,404.3,200,1,0,0.2433,1,1,1,1,1,1,1,4,4,-1,[ OK ]
34.0,10-Mar-26 10:11:54,1.088E+06,96.6,0.09426,64.34,0.3321,0.5483,1.636,0,0,0,100,16.28,0.2437,404.2,200,1,0,0.2724,1,1,1,1,1,1,1,4,4,-1,[ OK ]
34.5,10-Mar-26 10:11:54,1.088E+06,96.6,0.105,76.56,0.357,0.5419,1.611,0,0,0,100,16.28,0.2475,404.5,200,1,0,0.2865,1,1,1,1,1,1,1,4,4,-1,[ OK ]
35.0,10-Mar-26 10:11:55,1.088E+06,96.6,0.1098,81.94,0.3571,0.5395,1.598,0,0,0,100,16.28,0.2481,404.1,200,1,0,0.3019,1,1,1,1,1,1,1,4,4,-1,[ OK ]
35.6,10-Mar-26 10:11:55,1.088E+06,96.6,0.1141,86.08,0.3596,0.5369,1.593,0,0,0,100,16.28,0.2483,404.7,200,1,0,0.3263,1,1,1,1,1,1,1,4,4,-1,[ OK ]
36.1,10-Mar-26 10:11:56,1.088E+06,96.6,0.1177,90.57,0.3706,0.5353,1.583,0,0,0,100,16.28,0.2491,404.4,200,1,0,0.3238,1,1,1,1,1,1,1,4,4,-1,[ OK ]
36.6,10-Mar-26 10:11:56,1.088E+06,96.6,0.121,94.06,0.3736,0.5341,1.571,0,0,0,100,16.28,0.2482,404.5,200,1,0,0.3266,1,1,1,1,1,1,1,4,4,-1,[ OK ]
37.0,10-Mar-26 10:11:57,1.088E+06,96.6,0.1234,96.4,0.3758,0.5336,1.56,0,0,0,100,16.28,0.2483,404.2,200,1,0,0.3384,1,1,1,1,1,1,1,4,4,-1,[ OK ]
37.5,10-Mar-26 10:11:57,1.088E+06,96.6,0.1262,98.5,0.3755,0.5323,1.556,0,0,0,100,16.28,0.2495,404.2,200,1,0,0.3463,1,1,1,1,1,1,1,4,4,-1,[ OK ]
38.1,10-Mar-26 10:11:58,1.088E+06,96.6,0.1281,102.2,0.3799,0.5306,1.557,0,0,0,100,16.28,0.2494,404.2,200,1,0,0.3388,1,1,1,1,1,1,1,4,4,-1,[ OK ]
38.5,10-Mar-26 10:11:58,1.088E+06,96.6,0.1299,103.5,0.3797,0.5303,1.55,0,0,0,100,16.28,0.2488,404.1,200,1,0,0.3606,1,1,1,1,1,1,1,4,4,-1,[ OK ]
38.9,10-Mar-26 10:11:58,1.088E+06,96.62,0.1313,105.4,0.3797,0.5298,1.547,0,0,0,100,16.28,0.2492,404.5,200,1,0,0.3515,1,1,1,1,1,1,1,4,4,-1,[ OK ]
39.2,10-Mar-26 10:11:59,1.088E+06,96.62,0.1325,105.9,0.3858,0.5294,1.544,0,0,0,100,16.28,0.2481,404.1,200,1,0,0.3592,1,1,1,1,1,1,1,4,4,-1,[ OK ]
39.7,10-Mar-26 10:11:59,1.088E+06,96.62,0.1335,108,0.3842,0.5282,1.549,0,0,0,100,16.28,0.2478,404.2,200,1,0,0.3495,1,1,1,1,1,1,1,4,4,-1,[ OK ]
40.1,10-Mar-26 10:12:00,1.088E+06,96.62,0.1348,108.7,0.3851,0.5285,1.539,0,0,0,100,16.28,0.2468,404.2,200,1,0,0.3648,1,1,1,1,1,1,1,4,4,-1,[ OK ]
40.5,10-Mar-26 10:12:00,1.088E+06,96.62,0.1357,110.1,0.387,0.5274,1.547,0,0,0,100,16.28,0.2483,404,200,1,0,0.3601,1,1,1,1,1,1,1,4,4,-1,[ OK ]
40.9,10-Mar-26 10:12:00,1.088E+06,96.62,0.1366,111.2,0.3848,0.5271,1.544,0,0,0,100,16.28,0.2472,404.3,200,1,0,0.3566,1,1,1,1,1,1,1,4,4,-1,[ OK ]
41.3,10-Mar-26 10:12:01,1.088E+06,96.62,0.1377,111,0.3896,0.5269,1.543,0,0,0,100,16.28,0.2501,404.4,200,1,0,0.3593,1,1,1,1,1,1,1,4,4,-1,[ OK ]
41.8,10-Mar-26 10:12:01,1.088E+06,96.62,0.1382,112.4,0.3914,0.5271,1.537,0,0,0,100,16.28,0.2487,404.5,200,1,0,0.3692,1,1,1,1,1,1,1,4,4,-1,[ OK ]
42.1,10-Mar-26 10:12:02,1.088E+06,96.62,0.1386,113.3,0.3898,0.5268,1.536,0,0,0,100,16.28,0.2484,404.2,200,1,0,0.3553,1,1,1,1,1,1,1,4,4,-1,[ OK ]
42.6,10-Mar-26 10:12:02,1.088E+06,96.62,0.1392,114.7,0.3877,0.5261,1.541,0,0,0,100,16.28,0.2502,404.1,200,1,0,0.3557,1,1,1,1,1,1,1,4,4,-1,[ OK ]
43.1,10-Mar-26 10:12:03,1.088E+06,96.62,0.1402,114.5,0.3828,0.526,1.539,0,0,0,100,16.28,0.2495,404.1,200,1,0,0.3417,1,1,1,1,1,1,1,4,4,-1,[ OK ]
43.5,10-Mar-26 10:12:03,1.088E+06,96.62,0.1407,115,0.3834,0.5263,1.532,0,0,0,100,16.28,0.2486,404.1,200,1,0,0.3508,1,1,1,1,1,1,1,4,4,-1,[ OK ]
44.0,10-Mar-26 10:12:03,1.088E+06,96.62,0.1411,115.3,0.3802,0.5266,1.525,0,0,0,100,16.28,0.2494,404.1,200,1,0,0.3621,1,1,1,1,1,1,1,4,4,-1,[ OK ]
44.3,10-Mar-26 10:12:04,1.088E+06,96.62,0.1414,115.8,0.3867,0.5255,1.536,0,0,0,100,16.28,0.2481,404.4,200,1,0,0.3535,1,1,1,1,1,1,1,4,4,-1,[ OK ]
44.7,10-Mar-26 10:12:04,1.088E+06,96.62,0.1418,116.1,0.3841,0.5252,1.538,0,0,0,100,16.28,0.2506,404.5,200,1,0,0.3345,1,1,1,1,1,1,1,4,4,-1,[ OK ]
45.1,10-Mar-26 10:12:05,1.088E+06,96.62,0.1421,116.6,0.3844,0.526,1.528,0,0,0,100,16.28,0.2481,404.2,200,1,0,0.3649,1,1,1,1,1,1,1,4,4,-1,[ OK ]
45.6,10-Mar-26 10:12:05,1.088E+06,96.62,0.1425,116.5,0.3863,0.5252,1.535,0,0,0,100,16.28,0.2471,404.5,200,1,0,0.3553,1,1,1,1,1,1,1,4,4,-1,[ OK ]
45.9,10-Mar-26 10:12:05,1.088E+06,96.62,0.1425,117.4,0.3863,0.5258,1.528,0,0,0,100,16.28,0.2471,404.2,200,1,0,0.363,1,1,1,1,1,1,1,4,4,-1,[ OK ]
46.3,10-Mar-26 10:12:06,1.088E+06,96.62,0.143,117.1,0.3878,0.525,1.535,0,0,0,100,16.28,0.2465,404.4,200,1,0,0.3593,1,1,1,1,1,1,1,4,4,-1,[ OK ]
46.7,10-Mar-26 10:12:06,1.088E+06,96.62,0.143,118,0.3852,0.5253,1.531,0,0,0,100,16.28,0.2475,404.1,200,1,0,0.3553,1,1,1,1,1,1,1,4,4,-1,[ OK ]
47.1,10-Mar-26 10:12:07,1.088E+06,96.62,0.1431,118.3,0.3794,0.5249,1.534,0,0,0,100,16.28,0.2469,404,200,1,0,0.3533,1,1,1,1,1,1,1,4,4,-1,[ OK ]
47.6,10-Mar-26 10:12:07,1.088E+06,96.62,0.1435,117.8,0.3883,0.5251,1.53,0,0,0,100,16.28,0.2472,404.2,200,1,0,0.3599,1,1,1,1,1,1,1,4,4,-1,[ OK ]
48.0,10-Mar-26 10:12:07,1.088E+06,96.62,0.1435,118.7,0.3814,0.5255,1.526,0,0,0,100,16.28,0.2449,404.3,200,1,0,0.3553,1,1,1,1,1,1,1,4,4,-1,[ OK ]
48.4,10-Mar-26 10:12:08,1.088E+06,96.62,0.1437,118.4,0.383,0.5247,1.534,0,0,0,100,16.28,0.2452,404.4,200,1,0,0.356,1,1,1,1,1,1,1,4,4,-1,[ OK ]
48.8,10-Mar-26 10:12:08,1.088E+06,96.62,0.1438,118.8,0.3827,0.5251,1.529,0,0,0,100,16.28,0.2436,404.2,200,1,0,0.3597,1,1,1,1,1,1,1,4,4,-1,[ OK ]
49.2,10-Mar-26 10:12:09,1.088E+06,96.62,0.144,118.8,0.3856,0.5248,1.532,0,0,0,100,16.28,0.246,404,200,1,0,0.3473,1,1,1,1,1,1,1,4,4,-1,[ OK ]
49.7,10-Mar-26 10:12:09,1.088E+06,96.62,0.1441,118.9,0.3835,0.5249,1.531,0,0,0,100,16.28,0.2456,404.5,200,1,0,0.3463,1,1,1,1,1,1,1,4,4,-1,[ OK ]
50.1,10-Mar-26 10:12:10,1.088E+06,96.62,0.1441,119.1,0.3807,0.5248,1.532,0,0,0,100,16.28,0.2456,404.5,200,1,0,0.3453,1,1,1,1,1,1,1,4,4,-1,[ OK ]
50.5,10-Mar-26 10:12:10,1.088E+06,96.62,0.1444,118.7,0.3761,0.5251,1.529,0,0,0,100,16.28,0.2454,404.1,200,1,0,0.358,1,1,1,1,1,1,1,4,4,-1,[ OK ]
50.9,10-Mar-26 10:12:10,1.088E+06,96.62,0.1443,119.4,0.3697,0.5257,1.523,0,0,0,100,16.28,0.2457,404.2,200,1,0,0.3544,1,1,1,1,1,1,1,4,4,-1,[ OK ]
51.3,10-Mar-26 10:12:11,1.088E+06,96.62,0.1444,119.3,0.3751,0.5249,1.53,0,0,0,100,16.28,0.2428,404.1,200,1,0,0.3511,1,1,1,1,1,1,1,4,4,-1,[ OK ]
51.8,10-Mar-26 10:12:11,1.088E+06,96.62,0.1445,119.4,0.3763,0.5248,1.531,0,0,0,100,16.28,0.2452,404.2,200,1,0,0.3522,1,1,1,1,1,1,1,4,4,-1,[ OK ]
52.2,10-Mar-26 10:12:12,1.088E+06,96.62,0.1445,119.4,0.3719,0.5253,1.523,0,0,0,100,16.28,0.2464,404.4,200,1,0,0.3389,1,1,1,1,1,1,1,4,4,-1,[ OK ]
52.6,10-Mar-26 10:12:12,1.088E+06,96.62,0.1447,118.8,0.379,0.5252,1.526,0,0,0,100,16.28,0.2457,404.5,200,1,0,0.3416,1,1,1,1,1,1,1,4,4,-1,[ OK ]
53.0,10-Mar-26 10:12:13,1.088E+06,96.62,0.1448,118.9,0.3801,0.5253,1.524,0,0,0,100,16.28,0.2446,404,200,1,0,0.3455,1,1,1,1,1,1,1,4,4,-1,[ OK ]
53.4,10-Mar-26 10:12:13,1.088E+06,96.62,0.1446,119.7,0.3758,0.5251,1.527,0,0,0,100,16.28,0.2455,404,200,1,0,0.3492,1,1,1,1,1,1,1,4,4,-1,[ OK ]
53.8,10-Mar-26 10:12:13,1.088E+06,96.62,0.1446,119.9,0.3727,0.5252,1.525,0,0,0,100,16.28,0.2425,404.1,200,1,0,0.3397,1,1,1,1,1,1,1,4,4,-1,[ OK ]
54.2,10-Mar-26 10:12:14,1.088E+06,96.62,0.1448,119.4,0.3725,0.5245,1.533,0,0,0,100,16.28,0.2436,404,200,1,0,0.3493,1,1,1,1,1,1,1,4,4,-1,[ OK ]
54.6,10-Mar-26 10:12:14,1.088E+06,96.62,0.1448,119.1,0.3764,0.525,1.526,0,0,0,100,16.28,0.2455,404.4,200,1,0,0.3489,1,1,1,1,1,1,1,4,4,-1,[ OK ]
55.0,10-Mar-26 10:12:15,1.088E+06,96.62,0.1447,119.7,0.3707,0.5253,1.523,0,0,0,100,16.28,0.2445,404.2,200,1,0,0.3493,1,1,1,1,1,1,1,4,4,-1,[ OK ]
55.4,10-Mar-26 10:12:15,1.088E+06,96.62,0.1448,119.4,0.3703,0.5245,1.531,0,0,0,100,16.28,0.2442,404.4,200,1,0,0.3392,1,1,1,1,1,1,1,4,4,-1,[ OK ]
55.8,10-Mar-26 10:12:15,1.088E+06,96.62,0.1445,120.5,0.06408,0.525,1.525,0,0,0,100,16.28,0.2078,404,200,1,0,-1,1,0,1,2.043,1,1,1,4,4,-1,[ OK ]
56.2,10-Mar-26 10:12:16,1.088E+06,96.62,0.1429,124.4,0.05574,0.5243,1.532,0,0,0,100,16.28,0.2098,404.1,200,1,0,-1,1,0,1,2.128,1,1,1,4,4,-1,[ OK ]
56.6,10-Mar-26 10:12:16,1.088E+06,96.62,0.1418,126,0.05475,0.5249,1.526,0,0,0,100,16.28,0.2095,404.4,200,1,0,-1,1,0,1,2.213,1,1,1,4,4,-1,[ OK ]
57.0,10-Mar-26 10:12:17,1.088E+06,96.62,0.1406,126.9,0.05336,0.525,1.524,0,0,0,100,16.28,0.2102,404.3,200,1,0,-1,1,0,1,2.299,1,1,1,4,4,-1,[ OK ]
57.5,10-Mar-26 10:12:17,1.088E+06,96.62,0.1396,127.4,0.05515,0.5241,1.534,0,0,0,100,16.28,0.2102,404.6,200,1,0,-1,1,0,1,2.384,1,1,1,4,4,-1,[ OK ]
57.9,10-Mar-26 10:12:17,1.088E+06,96.62,0.1386,127.7,0.05723,0.5242,1.532,0,0,0,100,16.28,0.2098,404.1,200,1,0,-1,1,0,1,2.47,1,1,1,4,4,-1,[ OK ]
58.3,10-Mar-26 10:12:18,1.088E+06,96.62,0.1378,127,0.3172,0.5252,1.522,0,0,0,100,16.28,0.2444,404.1,200,1,0,0.3385,1,1,1,1,1,1,1,4,4,-1,[ OK ]
58.7,10-Mar-26 10:12:18,1.088E+06,96.62,0.1387,122.5,0.3624,0.5244,1.531,0,0,0,100,16.28,0.2444,404.4,200,1,0,0.3195,1,1,1,1,1,1,1,4,4,-1,[ OK ]
59.1,10-Mar-26 10:12:19,1.088E+06,96.62,0.1391,120.7,0.36,0.5242,1.533,0,0,0,100,16.28,0.2437,404,200,1,0,0.32,1,1,1,1,1,1,1,4,4,-1,[ OK ]
59.6,10-Mar-26 10:12:19,1.088E+06,96.62,0.1396,119.3,0.05793,0.5242,1.533,0,0,0,100,16.28,0.2088,404.1,200,1,0,-1,1,0,1,2.043,1,1,1,4,4,-1,[ OK ]
59.9,10-Mar-26 10:12:19,1.088E+06,96.62,0.1386,121.9,0.05346,0.5245,1.529,0,0,0,100,16.28,0.2072,404.4,200,1,0,-1,1,0,1,2.108,1,1,1,4,4,-1,[ OK ]
60.2,10-Mar-26 10:12:20,1.088E+06,96.62,0.138,123,0.05525,0.5242,1.533,0,0,0,100,16.28,0.2101,404.1,200,1,0,-1,1,0,1,2.173,1,1,1,4,4,-1,[ OK ]
60.6,10-Mar-26 10:12:20,1.088E+06,96.62,0.137,124.9,0.05416,0.5249,1.526,0,0,0,100,16.28,0.2085,404.3,200,1,0,-1,1,0,1,2.258,1,1,1,4,4,-1,[ OK ]
61.0,10-Mar-26 10:12:21,1.088E+06,96.62,0.1367,124.3,0.05088,0.5248,1.527,0,0,0,100,16.28,0.2088,404.1,200,1,0,-1,1,0,1,2.323,1,1,1,4,4,-1,[ OK ]
61.3,10-Mar-26 10:12:21,1.088E+06,96.62,0.1361,124.8,0.05406,0.5251,1.524,0,0,0,100,16.28,0.2076,404.3,200,1,0,-1,1,0,1,2.388,1,1,1,4,4,-1,[ OK ]
61.6,10-Mar-26 10:12:21,1.088E+06,96.62,0.1358,124.2,0.05396,0.5238,1.539,0,0,0,100,16.28,0.2079,404.4,200,1,0,-1,1,0,1,2.453,1,1,1,4,4,-1,[ OK ]
62.1,10-Mar-26 10:12:22,1.088E+06,96.62,0.1351,124.7,0.05247,0.5244,1.533,0,0,0,100,16.28,0.2088,404.1,200,1,0,-1,1,0,1,2.538,1,1,1,4,4,-1,[ OK ]
62.5,10-Mar-26 10:12:22,1.088E+06,96.62,0.1346,124.2,0.05227,0.5248,1.527,0,0,0,100,16.28,0.2085,404.3,200,1,0,-1,1,0,1,2.624,1,1,1,4,4,-1,[ OK ]
62.8,10-Mar-26 10:12:22,1.088E+06,96.62,0.1347,122.8,0.3549,0.5251,1.525,0,0,0,100,16.28,0.2426,404.2,200,1,0,0.3232,1,1,1,1,1,1,1,4,4,-1,[ OK ]
63.1,10-Mar-26 10:12:23,1.088E+06,96.62,0.1353,120.2,0.3617,0.5252,1.523,0,0,0,100,16.28,0.2416,404,200,1,0,0.3215,1,1,1,1,1,1,1,4,4,-1,[ OK ]
63.5,10-Mar-26 10:12:23,1.088E+06,96.62,0.1363,117.6,0.3585,0.5251,1.523,0,0,0,100,16.28,0.2421,404.2,200,1,0,0.3238,1,1,1,1,1,1,1,4,4,-1,[ OK ]
63.9,10-Mar-26 10:12:23,1.088E+06,96.62,0.1372,115.5,0.3578,0.5242,1.532,0,0,0,100,16.28,0.2419,404.1,200,1,0,0.3244,1,1,1,1,1,1,1,4,4,-1,[ OK ]
64.2,10-Mar-26 10:12:24,1.088E+06,96.62,0.1373,116.3,0.3554,0.5246,1.528,0,0,0,100,16.28,0.2441,404.4,200,1,0,0.3226,1,1,1,1,1,1,1,4,4,-1,[ OK ]
64.5,10-Mar-26 10:12:24,1.088E+06,96.62,0.1378,116,0.3621,0.525,1.523,0,0,0,100,16.28,0.2437,404,200,1,0,0.3279,1,1,1,1,1,1,1,4,4,-1,[ OK ]
64.9,10-Mar-26 10:12:24,1.088E+06,96.62,0.1386,115.3,0.3593,0.5244,1.53,0,0,0,100,16.28,0.2424,404.1,200,1,0,0.3297,1,1,1,1,1,1,1,4,4,-1,[ OK ]
65.3,10-Mar-26 10:12:25,1.088E+06,96.62,0.1392,115,0.3583,0.5244,1.53,0,0,0,100,16.28,0.2444,404.1,200,1,0,0.3257,1,1,1,1,1,1,1,4,4,-1,[ OK ]
65.7,10-Mar-26 10:12:25,1.088E+06,96.62,0.1395,115.6,0.3551,0.5247,1.526,0,0,0,100,16.28,0.2104,404.4,200,1,0,-1,1,0,1,2.012,1,1,1,4,4,-1,[ OK ]
66.0,10-Mar-26 10:12:26,1.088E+06,96.62,0.1387,119,0.05545,0.5248,1.525,0,0,0,100,16.28,0.2086,404.3,200,1,0,-1,1,0,1,2.076,1,1,1,4,4,-1,[ OK ]
66.4,10-Mar-26 10:12:26,1.088E+06,96.62,0.1382,120.8,0.05426,0.5248,1.524,0,0,0,100,16.28,0.2076,404.3,200,1,0,-1,1,0,1,2.162,1,1,1,4,4,-1,[ OK ]
66.8,10-Mar-26 10:12:26,1.088E+06,96.62,0.1371,123.1,0.05435,0.5242,1.531,0,0,0,100,16.28,0.2072,404.1,200,1,0,-1,1,0,1,2.247,1,1,1,4,4,-1,[ OK ]
67.3,10-Mar-26 10:12:27,1.088E+06,96.62,0.1363,124.3,0.05574,0.5246,1.527,0,0,0,100,16.28,0.2092,404.1,200,1,0,-1,1,0,1,2.333,1,1,1,4,4,-1,[ OK ]
67.6,10-Mar-26 10:12:27,1.088E+06,96.62,0.1361,123.8,0.05336,0.5247,1.527,0,0,0,100,16.28,0.2075,404.1,200,1,0,-1,1,0,1,2.398,1,1,1,4,4,-1,[ OK ]
68.0,10-Mar-26 10:12:28,1.088E+06,96.62,0.1354,124.3,0.05793,0.5243,1.532,0,0,0,100,16.28,0.2084,404.1,200,1,0,-1,1,0,1,2.483,1,1,1,4,4,-1,[ OK ]
68.4,10-Mar-26 10:12:28,1.088E+06,96.62,0.1348,124.3,0.05793,0.5244,1.53,0,0,0,100,16.28,0.2092,404.1,200,1,0,-1,1,0,1,2.569,1,1,1,4,4,-1,[ OK ]
68.8,10-Mar-26 10:12:28,1.088E+06,96.62,0.1343,124.6,0.05108,0.525,1.523,0,0,0,100,16.28,0.2073,404.1,200,1,0,-1,1,0,1,2.633,1,1,1,4,4,-1,[ OK ]
69.1,10-Mar-26 10:12:29,1.088E+06,96.62,0.1341,123.9,0.3446,0.5244,1.529,0,0,0,100,16.28,0.2429,404.3,200,1,0,0.3023,1,1,1,1,1,1,1,4,4,-1,[ OK ]
69.4,10-Mar-26 10:12:29,1.088E+06,96.62,0.1351,120.1,0.3564,0.5247,1.526,0,0,0,100,16.28,0.2427,404.5,200,1,0,0.3231,1,1,1,1,1,1,1,4,4,-1,[ OK ]
69.8,10-Mar-26 10:12:29,1.088E+06,96.62,0.136,117.7,0.3521,0.5242,1.532,0,0,0,100,16.28,0.242,404.1,200,1,0,0.3164,1,1,1,1,1,1,1,4,4,-1,[ OK ]
70.2,10-Mar-26 10:12:30,1.088E+06,96.62,0.1365,117,0.3547,0.5243,1.532,0,0,0,100,16.28,0.2437,404.2,200,1,0,0.3065,1,1,1,1,1,1,1,4,4,-1,[ OK ]
70.5,10-Mar-26 10:12:30,1.088E+06,96.62,0.1372,115.7,0.3632,0.5248,1.526,0,0,0,100,16.28,0.2421,404.1,200,1,0,0.3179,1,1,1,1,1,1,1,4,4,-1,[ OK ]
70.9,10-Mar-26 10:12:30,1.088E+06,96.62,0.1379,115.4,0.36,0.525,1.524,0,0,0,100,16.28,0.2406,404.3,200,1,0,0.3317,1,1,1,1,1,1,1,4,4,-1,[ OK ]
71.3,10-Mar-26 10:12:31,1.088E+06,96.62,0.1386,115,0.3568,0.5246,1.528,0,0,0,100,16.28,0.2435,404.1,200,1,0,0.3199,1,1,1,1,1,1,1,4,4,-1,[ OK ]
71.7,10-Mar-26 10:12:31,1.088E+06,96.62,0.1393,114.7,0.3586,0.5242,1.532,0,0,0,100,16.28,0.241,404,200,1,0,0.3253,1,1,1,1,1,1,1,4,4,-1,[ OK ]
72.0,10-Mar-26 10:12:32,1.088E+06,96.62,0.1394,116.1,0.05545,0.5249,1.526,0,0,0,100,16.28,0.2097,404.3,200,1,0,-1,1,0,1,2.047,1,1,1,4,4,-1,[ OK ]
72.4,10-Mar-26 10:12:32,1.088E+06,96.62,0.1385,119.6,0.05455,0.5247,1.527,0,0,0,100,16.28,0.2082,404,200,1,0,-1,1,0,1,2.111,1,1,1,4,4,-1,[ OK ]
72.8,10-Mar-26 10:12:32,1.088E+06,96.62,0.1375,122.3,0.05693,0.5244,1.53,0,0,0,100,16.28,0.2088,404.2,200,1,0,-1,1,0,1,2.197,1,1,1,4,4,-1,[ OK ]
73.2,10-Mar-26 10:12:33,1.088E+06,96.62,0.1368,123.7,0.05525,0.5252,1.521,0,0,0,100,16.28,0.2065,404.3,200,1,0,-1,1,0,1,2.282,1,1,1,4,4,-1,[ OK ]
73.6,10-Mar-26 10:12:33,1.088E+06,96.62,0.1364,123.8,0.05683,0.525,1.522,0,0,0,100,16.28,0.2092,404.4,200,1,0,-1,1,0,1,2.347,1,1,1,4,4,-1,[ OK ]
73.9,10-Mar-26 10:12:33,1.088E+06,96.62,0.136,123.9,0.05574,0.5244,1.528,0,0,0,100,16.28,0.2088,404.3,200,1,0,-1,1,0,1,2.412,1,1,1,4,4,-1,[ OK ]
74.3,10-Mar-26 10:12:34,1.088E+06,96.62,0.1355,124,0.05287,0.525,1.523,0,0,0,100,16.28,0.2088,404.3,200,1,0,-1,1,0,1,2.497,1,1,1,4,4,-1,[ OK ]
74.7,10-Mar-26 10:12:34,1.088E+06,96.62,0.1348,124.5,0.05485,0.5247,1.526,0,0,0,100,16.28,0.2106,404.3,200,1,0,-1,1,0,1,2.582,1,1,1,4,4,-1,[ OK ]
75.2,10-Mar-26 10:12:35,1.088E+06,96.62,0.1343,124.3,0.05376,0.525,1.523,0,0,0,100,16.28,0.2112,404.3,200,1,0,-1,1,0,1,2.668,1,1,1,4,4,-1,[ OK ]
75.6,10-Mar-26 10:12:35,1.088E+06,96.62,0.1344,122.4,0.3519,0.5242,1.531,0,0,0,100,16.28,0.2433,404.1,200,1,0,0.315,1,1,1,1,1,1,1,4,4,-1,[ OK ]
76.0,10-Mar-26 10:12:36,1.088E+06,96.62,0.1353,119.2,0.06001,0.524,1.534,0,0,0,100,16.28,0.2099,404.3,200,1,0,-1,1,0,1,2.04,1,1,1,4,4,-1,[ OK ]
76.4,10-Mar-26 10:12:36,1.088E+06,96.62,0.1345,121.3,0.05664,0.5243,1.531,0,0,0,100,16.28,0.2084,404.1,200,1,0,-1,1,0,1,2.125,1,1,1,4,4,-1,[ OK ]
77.0,10-Mar-26 10:12:36,1.088E+06,96.62,0.1337,123.3,0.05485,0.5243,1.53,0,0,0,100,16.28,0.2101,404.1,200,1,0,-1,1,0,1,2.231,1,1,1,4,4,-1,[ OK ]
77.3,10-Mar-26 10:12:37,1.088E+06,96.62,0.1336,122.9,0.05445,0.5241,1.533,0,0,0,100,16.28,0.2086,404.4,200,1,0,-1,1,0,1,2.296,1,1,1,4,4,-1,[ OK ]
77.8,10-Mar-26 10:12:37,1.088E+06,96.62,0.1331,122.9,0.05396,0.5248,1.525,0,0,0,100,16.28,0.2101,404.2,200,1,0,-1,1,0,1,2.402,1,1,1,4,4,-1,[ OK ]
78.3,10-Mar-26 10:12:38,1.088E+06,96.62,0.1328,122.7,0.05435,0.5247,1.527,0,0,0,100,16.28,0.2102,404,200,1,0,-1,1,0,1,2.487,1,1,1,4,4,-1,[ OK ]
78.6,10-Mar-26 10:12:38,1.088E+06,96.62,0.1328,122.1,0.05564,0.5245,1.529,0,0,0,100,16.28,0.2088,404.4,200,1,0,-1,1,0,1,2.552,1,1,1,4,4,-1,[ OK ]
79.1,10-Mar-26 10:12:39,1.088E+06,96.62,0.1325,121.8,0.05316,0.5242,1.532,0,0,0,100,16.28,0.2102,404.1,200,1,0,-1,1,0,1,2.658,1,1,1,4,4,-1,[ OK ]
79.5,10-Mar-26 10:12:39,1.088E+06,96.62,0.1321,122.2,0.05118,0.5244,1.53,0,0,0,100,16.28,0.2109,404.1,200,1,0,-1,1,0,1,2.743,1,1,1,4,4,-1,[ OK ]
79.9,10-Mar-26 10:12:39,1.088E+06,96.62,0.1318,122.2,0.3346,0.5251,1.523,0,0,0,100,16.28,0.2098,404.4,200,1,0,-1,1,0,1,2.012,1,1,1,4,4,-1,[ OK ]
80.3,10-Mar-26 10:12:40,1.088E+06,96.62,0.132,121.3,0.05376,0.524,1.534,0,0,0,100,16.28,0.2107,404.2,200,1,0,-1,1,0,1,2.076,1,1,1,4,4,-1,[ OK ]
80.7,10-Mar-26 10:12:40,1.088E+06,96.62,0.1318,121.5,0.05703,0.5251,1.522,0,0,0,100,16.28,0.2101,404.2,200,1,0,-1,1,0,1,2.162,1,1,1,4,4,-1,[ OK ]
81.2,10-Mar-26 10:12:41,1.088E+06,96.62,0.1313,122.2,0.05465,0.5246,1.527,0,0,0,100,16.28,0.2092,404.2,200,1,0,-1,1,0,1,2.268,1,1,1,4,4,-1,[ OK ]
81.7,10-Mar-26 10:12:41,1.088E+06,96.62,0.1312,121.8,0.05138,0.5245,1.528,0,0,0,100,16.28,0.2081,404,200,1,0,-1,1,0,1,2.353,1,1,1,4,4,-1,[ OK ]
82.0,10-Mar-26 10:12:42,1.088E+06,96.62,0.131,122.1,0.05455,0.525,1.522,0,0,0,100,16.28,0.2097,404.1,200,1,0,-1,1,0,1,2.418,1,1,1,4,4,-1,[ OK ]
82.5,10-Mar-26 10:12:42,1.088E+06,96.62,0.131,121.3,0.05366,0.5242,1.532,0,0,0,100,16.28,0.2092,404.2,200,1,0,-1,1,0,1,2.523,1,1,1,4,4,-1,[ OK ]
83.0,10-Mar-26 10:12:43,1.088E+06,96.62,0.1308,121.3,0.05257,0.5247,1.527,0,0,0,100,16.28,0.2081,404,200,1,0,-1,1,0,1,2.629,1,1,1,4,4,-1,[ OK ]
83.4,10-Mar-26 10:12:43,1.088E+06,96.62,0.1308,120.8,0.05376,0.5252,1.521,0,0,0,100,16.28,0.21,404.3,200,1,0,-1,1,0,1,2.693,1,1,1,4,4,-1,[ OK ]
83.9,10-Mar-26 10:12:43,1.088E+06,96.62,0.1312,119.3,0.347,0.5245,1.529,0,0,0,100,16.28,0.2417,404,200,1,0,0.3178,1,1,1,1,1,1,1,4,4,-1,[ OK ]
84.4,10-Mar-26 10:12:44,1.088E+06,96.62,0.1318,118.4,0.05812,0.5248,1.526,0,0,0,100,16.28,0.2117,404,200,1,0,-1,1,0,1,2.077,1,1,1,4,4,-1,[ OK ]
84.8,10-Mar-26 10:12:44,1.088E+06,96.62,0.1318,118.8,0.05049,0.5242,1.532,0,0,0,100,16.28,0.2121,404.3,200,1,0,-1,1,0,1,2.163,1,1,1,4,4,-1,[ OK ]
85.3,10-Mar-26 10:12:45,1.088E+06,96.62,0.1318,119.2,0.05455,0.5253,1.52,0,0,0,100,16.28,0.2107,404.2,200,1,0,-1,1,0,1,2.248,1,1,1,4,4,-1,[ OK ]
85.6,10-Mar-26 10:12:45,1.088E+06,96.62,0.1313,120.6,0.05039,0.5243,1.53,0,0,0,100,16.28,0.2119,404.1,200,1,0,-1,1,0,1,2.313,1,1,1,4,4,-1,[ OK ]
86.1,10-Mar-26 10:12:46,1.088E+06,96.62,0.1313,120.5,0.05564,0.524,1.533,0,0,0,100,16.28,0.211,404.1,200,1,0,-1,1,0,1,2.419,1,1,1,4,4,-1,[ OK ]
86.6,10-Mar-26 10:12:46,1.088E+06,96.62,0.1307,121.9,0.05455,0.5241,1.533,0,0,0,100,16.28,0.2114,404.4,200,1,0,-1,1,0,1,2.525,1,1,1,4,4,-1,[ OK ]
87.2,10-Mar-26 10:12:47,1.088E+06,96.62,0.1308,121.1,0.04949,0.5241,1.533,0,0,0,100,16.28,0.2098,404.2,200,1,0,-1,1,0,1,2.631,1,1,1,4,4,-1,[ OK ]
87.5,10-Mar-26 10:12:47,1.088E+06,96.62,0.1309,120.5,0.0489,0.5246,1.528,0,0,0,100,16.28,0.2111,404,200,1,0,-1,1,0,1,2.695,1,1,1,4,4,-1,[ OK ]
87.8,10-Mar-26 10:12:47,1.088E+06,96.62,0.1306,121.2,0.05475,0.5244,1.53,0,0,0,100,16.28,0.2102,404.3,200,1,0,-1,1,0,1,2.759,1,1,1,4,4,-1,[ OK ]
88.3,10-Mar-26 10:12:48,1.088E+06,96.62,0.1306,120.7,0.05485,0.5248,1.525,0,0,0,100,16.28,0.2469,404.2,200,1,0,0.27,1,1,1,1,1,1,1,4,4,-1,[ OK ]
88.7,10-Mar-26 10:12:48,1.088E+06,96.62,0.1315,118.1,0.3497,0.5245,1.528,0,0,0,100,16.28,0.2437,404.4,200,1,0,0.2969,1,1,1,1,1,1,1,4,4,-1,[ OK ]
89.0,10-Mar-26 10:12:49,1.088E+06,96.62,0.1324,116.1,0.3453,0.5243,1.531,0,0,0,100,16.28,0.2423,404.1,200,1,0,0.2974,1,1,1,1,1,1,1,4,4,-1,[ OK ]
89.5,10-Mar-26 10:12:49,1.088E+06,96.62,0.1338,114,0.3426,0.5251,1.524,0,0,0,100,16.28,0.2447,404.3,200,1,0,0.3068,1,1,1,1,1,1,1,4,4,-1,[ OK ]
89.9,10-Mar-26 10:12:49,1.088E+06,96.62,0.1347,113.5,0.3494,0.5244,1.532,0,0,0,100,16.28,0.2442,404,200,1,0,0.2822,1,1,1,1,1,1,1,4,4,-1,[ OK ]
90.2,10-Mar-26 10:12:50,1.088E+06,96.62,0.1354,113.3,0.3461,0.5242,1.533,0,0,0,100,16.28,0.244,404,200,1,0,0.3051,1,1,1,1,1,1,1,4,4,-1,[ OK ]
90.7,10-Mar-26 10:12:50,1.088E+06,96.62,0.1364,112.8,0.3493,0.5242,1.533,0,0,0,100,16.28,0.2299,404.1,200,1,0,0.3425,1,0,1,2,1,1,1,4,4,-1,[ OK ]
91.0,10-Mar-26 10:12:51,1.088E+06,96.62,0.136,116.1,0.05485,0.525,1.525,0,0,0,100,16.28,0.2132,404,200,1,0,-1,1,0,1,2.064,1,1,1,4,4,-1,[ OK ]
91.3,10-Mar-26 10:12:51,1.088E+06,96.62,0.1356,118.3,0.05386,0.5242,1.532,0,0,0,100,16.28,0.213,404.3,200,1,0,-1,1,0,1,2.129,1,1,1,4,4,-1,[ OK ]
91.8,10-Mar-26 10:12:51,1.088E+06,96.62,0.1349,120.8,0.05287,0.5242,1.533,0,0,0,100,16.28,0.2123,404.1,200,1,0,-1,1,0,1,2.235,1,1,1,4,4,-1,[ OK ]
92.3,10-Mar-26 10:12:52,1.088E+06,96.62,0.1345,121.5,0.05396,0.5248,1.527,0,0,0,100,16.28,0.2127,404.2,200,1,0,-1,1,0,1,2.321,1,1,1,4,4,-1,[ OK ]
92.7,10-Mar-26 10:12:52,1.088E+06,96.62,0.1341,122,0.05386,0.5249,1.526,0,0,0,100,16.28,0.2116,404.3,200,1,0,-1,1,0,1,2.406,1,1,1,4,4,-1,[ OK ]
93.1,10-Mar-26 10:12:53,1.088E+06,96.62,0.1336,122.5,0.05683,0.5242,1.533,0,0,0,100,16.28,0.2112,404.3,200,1,0,-1,1,0,1,2.491,1,1,1,4,4,-1,[ OK ]
93.7,10-Mar-26 10:12:53,1.088E+06,96.62,0.1332,122.7,0.05812,0.5248,1.526,0,0,0,100,16.28,0.209,404.4,200,1,0,-1,1,0,1,2.597,1,1,1,4,4,-1,[ OK ]
94.0,10-Mar-26 10:12:54,1.088E+06,96.62,0.1328,122.9,0.05852,0.525,1.523,0,0,0,100,16.28,0.2118,403.9,200,1,0,-1,1,0,1,2.662,1,1,1,4,4,-1,[ OK ]
94.3,10-Mar-26 10:12:54,1.088E+06,96.62,0.1327,122.6,0.05128,0.524,1.534,0,0,0,100,16.28,0.2113,404.3,200,1,0,-1,1,0,1,2.726,1,1,1,4,4,-1,[ OK ]
94.8,10-Mar-26 10:12:54,1.088E+06,96.62,0.1335,119.2,0.353,0.524,1.533,0,0,0,100,16.28,0.2459,404.1,200,1,0,0.3019,1,1,1,1,1,1,1,4,4,-1,[ OK ]
95.2,10-Mar-26 10:12:55,1.088E+06,96.62,0.1346,116.8,0.3473,0.5241,1.532,0,0,0,100,16.28,0.2451,404,200,1,0,0.307,1,1,1,1,1,1,1,4,4,-1,[ OK ]
95.8,10-Mar-26 10:12:55,1.088E+06,96.62,0.1359,114.6,0.3551,0.5247,1.525,0,0,0,100,16.28,0.2454,404,200,1,0,0.294,1,1,1,1,1,1,1,4,4,-1,[ OK ]
96.3,10-Mar-26 10:12:56,1.088E+06,96.62,0.137,113.9,0.3491,0.5246,1.527,0,0,0,100,16.28,0.245,404.3,200,1,0,0.3045,1,1,1,1,1,1,1,4,4,-1,[ OK ]
96.8,10-Mar-26 10:12:56,1.088E+06,96.62,0.1378,114.1,0.3515,0.525,1.523,0,0,0,100,16.28,0.2456,404.2,200,1,0,0.2879,1,1,1,1,1,1,1,4,4,-1,[ OK ]
97.3,10-Mar-26 10:12:57,1.088E+06,96.62,0.1383,115.5,0.3499,0.5248,1.524,0,0,0,100,16.28,0.2454,404.4,200,1,0,0.3029,1,1,1,1,1,1,1,4,4,-1,[ OK ]
97.8,10-Mar-26 10:12:57,1.088E+06,96.62,0.1393,114.9,0.353,0.5247,1.525,0,0,0,100,16.28,0.2441,404.3,200,1,0,0.3108,1,1,1,1,1,1,1,4,4,-1,[ OK ]
98.4,10-Mar-26 10:12:58,1.088E+06,96.62,0.1399,115.3,0.3457,0.5245,1.527,0,0,0,100,16.28,0.2452,404.4,200,1,0,0.3153,1,1,1,1,1,1,1,4,4,-1,[ OK ]
98.9,10-Mar-26 10:12:58,1.088E+06,96.63,0.1405,115.7,0.3567,0.5243,1.529,0,0,0,100,16.28,0.2441,404,200,1,0,0.3046,1,1,1,1,1,1,1,4,4,-1,[ OK ]
99.4,10-Mar-26 10:12:59,1.088E+06,96.63,0.141,116.1,0.3542,0.5247,1.525,0,0,0,100,16.28,0.245,404.3,200,1,0,0.294,1,1,1,1,1,1,1,4,4,-1,[ OK ]
100.0,10-Mar-26 10:13:00,1.088E+06,96.63,0.1417,116.2,0.3569,0.5243,1.528,0,0,0,100,16.28,0.2452,404,200,1,0,0.3117,1,1,1,1,1,1,1,4,4,-1,[ OK ]
100.6,10-Mar-26 10:13:00,1.088E+06,96.63,0.1417,117.8,0.06031,0.524,1.532,0,0,0,100,16.28,0.2133,404.4,200,1,0,-1,1,0,1,2.043,1,1,1,4,4,-1,[ OK ]
101.2,10-Mar-26 10:13:01,1.088E+06,96.63,0.1399,123.3,0.05406,0.5245,1.526,0,0,0,100,16.28,0.2128,404.3,200,1,0,-1,1,0,1,2.17,1,1,1,4,4,-1,[ OK ]
101.7,10-Mar-26 10:13:01,1.088E+06,96.63,0.1388,125.1,0.05366,0.5248,1.524,0,0,0,100,16.28,0.2132,404.3,200,1,0,-1,1,0,1,2.276,1,1,1,4,4,-1,[ OK ]
102.2,10-Mar-26 10:13:02,1.088E+06,96.63,0.1378,125.8,0.05386,0.5238,1.534,0,0,0,100,16.28,0.2137,404.1,200,1,0,-1,1,0,1,2.382,1,1,1,4,4,-1,[ OK ]
102.8,10-Mar-26 10:13:02,1.088E+06,96.63,0.1369,125.9,0.05178,0.5247,1.524,0,0,0,100,16.28,0.2136,404.4,200,1,0,-1,1,0,1,2.487,1,1,1,4,4,-1,[ OK ]
103.3,10-Mar-26 10:13:03,1.088E+06,96.63,0.1359,126.2,0.05197,0.5245,1.526,0,0,0,100,16.28,0.2474,404,200,1,0,-1,1,0,1,1,1,1,1,4,4,-1,[ OK ]
103.8,10-Mar-26 10:13:03,1.088E+06,96.63,0.1354,125.3,0.05306,0.5248,1.524,0,0,0,100,16.28,0.2122,404.3,200,1,0,-1,1,0,1,2.088,1,1,1,4,4,-1,[ OK ]
104.4,10-Mar-26 10:13:04,1.088E+06,96.63,0.1349,124.4,0.05644,0.5248,1.524,0,0,0,100,16.28,0.2133,404.3,200,1,0,-1,1,0,1,2.194,1,1,1,4,4,-1,[ OK ]
105.0,10-Mar-26 10:13:05,1.088E+06,96.63,0.1342,124.2,0.05475,0.5247,1.524,0,0,0,100,16.28,0.2135,404.4,200,1,0,-1,1,0,1,2.321,1,1,1,4,4,-1,[ OK ]
105.5,10-Mar-26 10:13:05,1.088E+06,96.63,0.1336,124.1,0.05316,0.524,1.533,0,0,0,100,16.28,0.2133,404.2,200,1,0,-1,1,0,1,2.427,1,1,1,4,4,-1,[ OK ]
106.2,10-Mar-26 10:13:06,1.088E+06,96.63,0.1331,123.5,0.05485,0.5239,1.535,0,0,0,100,16.28,0.2127,404.1,200,1,0,-1,1,0,1,2.553,1,1,1,4,4,-1,[ OK ]
106.9,10-Mar-26 10:13:06,1.088E+06,96.63,0.1326,122.9,0.05505,0.5248,1.526,0,0,0,100,16.28,0.2122,404.3,200,1,0,-1,1,0,1,2.701,1,1,1,4,4,-1,[ OK ]
107.5,10-Mar-26 10:13:07,1.088E+06,96.63,0.1321,122.9,0.05376,0.5244,1.53,0,0,0,100,16.28,0.2127,404.3,200,1,0,-1,1,0,1,2.827,1,1,1,4,4,-1,[ OK ]
108.0,10-Mar-26 10:13:08,1.088E+06,96.63,0.1327,119.7,0.347,0.525,1.523,0,0,0,100,16.28,0.2411,404.1,200,1,0,0.302,1,1,1,1,1,1,1,4,4,-1,[ OK ]
108.6,10-Mar-26 10:13:08,1.088E+06,96.63,0.134,116.2,0.3445,0.5246,1.527,0,0,0,100,16.28,0.2426,404,200,1,0,0.3016,1,1,1,1,1,1,1,4,4,-1,[ OK ]
109.1,10-Mar-26 10:13:09,1.088E+06,96.63,0.1351,114.9,0.3434,0.5249,1.523,0,0,0,100,16.28,0.2426,404,200,1,0,0.3,1,1,1,1,1,1,1,4,4,-1,[ OK ]
109.6,10-Mar-26 10:13:09,1.088E+06,96.63,0.1362,114,0.3453,0.525,1.522,0,0,0,100,16.28,0.2472,404.3,200,1,0,0.2991,1,1,1,1,1,1,1,4,4,-1,[ OK ]
110.0,10-Mar-26 10:13:10,1.088E+06,96.63,0.1369,113.9,0.3483,0.524,1.533,0,0,0,100,16.28,0.2449,404.2,200,1,0,0.3011,1,1,1,1,1,1,1,4,4,-1,[ OK ]
110.5,10-Mar-26 10:13:10,1.088E+06,96.63,0.1376,114.6,0.3472,0.5248,1.525,0,0,0,100,16.28,0.2454,404,200,1,0,0.294,1,1,1,1,1,1,1,4,4,-1,[ OK ]
111.2,10-Mar-26 10:13:11,1.088E+06,96.63,0.1388,114.3,0.3495,0.5247,1.526,0,0,0,100,16.28,0.247,404.3,200,1,0,0.2905,1,1,1,1,1,1,1,4,4,-1,[ OK ]
111.6,10-Mar-26 10:13:11,1.088E+06,96.63,0.1395,114,0.3517,0.525,1.522,0,0,0,100,16.28,0.2452,404.3,200,1,0,0.2891,1,1,1,1,1,1,1,4,4,-1,[ OK ]
112.0,10-Mar-26 10:13:12,1.088E+06,96.63,0.1401,114.4,0.3515,0.5247,1.525,0,0,0,100,16.28,0.2449,404.2,200,1,0,0.3043,1,1,1,1,1,1,1,4,4,-1,[ OK ]
112.6,10-Mar-26 10:13:12,1.088E+06,96.63,0.1396,118.1,0.05406,0.5248,1.524,0,0,0,100,16.28,0.214,404,200,1,0,-1,1,0,1,2.062,1,1,1,4,4,-1,[ OK ]
113.0,10-Mar-26 10:13:12,1.088E+06,96.63,0.1387,121.1,0.05465,0.5248,1.524,0,0,0,100,16.28,0.213,404.3,200,1,0,-1,1,0,1,2.159,1,1,1,4,4,-1,[ OK ]
113.4,10-Mar-26 10:13:13,1.088E+06,96.63,0.1377,123.4,0.05525,0.5249,1.523,0,0,0,100,16.28,0.2126,404.3,200,1,0,-1,1,0,1,2.245,1,1,1,4,4,-1,[ OK ]
113.8,10-Mar-26 10:13:13,1.088E+06,96.63,0.1371,123.9,0.05366,0.5246,1.526,0,0,0,100,16.28,0.2125,404.2,200,1,0,-1,1,0,1,2.33,1,1,1,4,4,-1,[ OK ]
114.5,10-Mar-26 10:13:14,1.088E+06,96.63,0.136,124.8,0.05326,0.5239,1.535,0,0,0,100,16.28,0.2143,404,200,1,0,-1,1,0,1,2.456,1,1,1,4,4,-1,[ OK ]
114.9,10-Mar-26 10:13:14,1.088E+06,96.63,0.1353,125.2,0.05455,0.5243,1.531,0,0,0,100,16.28,0.2131,404.3,200,1,0,-1,1,0,1,1,1,1,1,4,4,-1,[ OK ]
115.3,10-Mar-26 10:13:15,1.088E+06,96.63,0.1354,123.2,0.05753,0.5244,1.53,0,0,0,100,16.28,0.2134,404,200,1,0,-1,1,0,1,2.06,1,1,1,4,4,-1,[ OK ]
115.7,10-Mar-26 10:13:15,1.088E+06,96.63,0.1345,124.6,0.05306,0.5241,1.534,0,0,0,100,16.28,0.2138,403.9,200,1,0,-1,1,0,1,2.145,1,1,1,4,4,-1,[ OK ]
116.1,10-Mar-26 10:13:16,1.088E+06,96.63,0.1343,123.8,0.05505,0.5251,1.523,0,0,0,100,16.28,0.2133,403.9,200,1,0,-1,1,0,1,2.231,1,1,1,4,4,-1,[ OK ]
116.6,10-Mar-26 10:13:16,1.088E+06,96.63,0.1337,124.1,0.05416,0.525,1.523,0,0,0,100,16.28,0.2135,404,200,1,0,-1,1,0,1,2.316,1,1,1,4,4,-1,[ OK ]
117.1,10-Mar-26 10:13:17,1.088E+06,96.63,0.1332,123.7,0.05217,0.5243,1.531,0,0,0,100,16.28,0.2138,404.1,200,1,0,-1,1,0,1,2.422,1,1,1,4,4,-1,[ OK ]
117.6,10-Mar-26 10:13:17,1.088E+06,96.63,0.1329,123,0.05564,0.5249,1.525,0,0,0,100,16.28,0.2133,404,200,1,0,-1,1,0,1,2.527,1,1,1,4,4,-1,[ OK ]
118.1,10-Mar-26 10:13:18,1.088E+06,96.63,0.1326,122.8,0.05435,0.5246,1.529,0,0,0,100,16.28,0.2142,404,200,1,0,-1,1,0,1,2.612,1,1,1,4,4,-1,[ OK ]
118.5,10-Mar-26 10:13:18,1.088E+06,96.63,0.1322,122.9,0.05426,0.5245,1.531,0,0,0,100,16.28,0.2132,404.1,200,1,0,-1,1,0,1,2.697,1,1,1,4,4,-1,[ OK ]
119.0,10-Mar-26 10:13:19,1.088E+06,96.63,0.132,122.2,0.05465,0.5249,1.527,0,0,0,100,16.28,0.2146,404,200,1,0,-1,1,0,1,2.803,1,1,1,4,4,-1,[ OK ]
119.5,10-Mar-26 10:13:19,1.088E+06,96.63,0.1322,120.7,0.3405,0.5251,1.524,0,0,0,100,16.28,0.2141,404,200,1,0,-1,1,0,1,2.012,1,1,1,4,4,-1,[ OK ]
120.0,10-Mar-26 10:13:19,1.088E+06,96.63,0.1319,121.7,0.05505,0.5245,1.531,0,0,0,100,16.28,0.215,404.3,200,1,0,-1,1,0,1,2.097,1,1,1,4,4,-1,[ OK ]
120.5,10-Mar-26 10:13:20,1.088E+06,96.63,0.1318,121.6,0.05386,0.5241,1.536,0,0,0,100,16.28,0.2141,404.3,200,1,0,-1,1,0,1,2.203,1,1,1,4,4,-1,[ OK ]
120.9,10-Mar-26 10:13:20,1.088E+06,96.63,0.1317,121.2,0.05366,0.5249,1.526,0,0,0,100,16.28,0.2142,404.3,200,1,0,-1,1,0,1,2.288,1,1,1,4,4,-1,[ OK ]
121.4,10-Mar-26 10:13:21,1.088E+06,96.63,0.1315,121.2,0.05267,0.5242,1.535,0,0,0,100,16.28,0.2139,404.2,200,1,0,-1,1,0,1,2.374,1,1,1,4,4,-1,[ OK ]
121.9,10-Mar-26 10:13:21,1.088E+06,96.63,0.1314,121.1,0.05465,0.5243,1.533,0,0,0,100,16.28,0.2135,404.2,200,1,0,-1,1,0,1,2.48,1,1,1,4,4,-1,[ OK ]
122.4,10-Mar-26 10:13:22,1.088E+06,96.63,0.1312,121,0.05098,0.5246,1.529,0,0,0,100,16.28,0.2148,404,200,1,0,-1,1,0,1,2.585,1,1,1,4,4,-1,[ OK ]
122.9,10-Mar-26 10:13:22,1.088E+06,96.63,0.131,121.1,0.05416,0.5244,1.53,0,0,0,100,16.28,0.2123,404,200,1,0,-1,1,0,1,2.69,1,1,1,4,4,-1,[ OK ]
123.5,10-Mar-26 10:13:23,1.088E+06,96.63,0.1318,118.1,0.3423,0.5249,1.525,0,0,0,100,16.28,0.2451,404,200,1,0,0.2844,1,1,1,1,1,1,1,4,4,-1,[ OK ]
124.1,10-Mar-26 10:13:24,1.088E+06,96.63,0.1322,118.4,0.05416,0.5244,1.53,0,0,0,100,16.28,0.2134,404,200,1,0,-1,1,0,1,2.074,1,1,1,4,4,-1,[ OK ]
124.6,10-Mar-26 10:13:24,1.088E+06,96.63,0.1322,119.1,0.05426,0.5243,1.531,0,0,0,100,16.28,0.2141,404,200,1,0,-1,1,0,1,2.179,1,1,1,4,4,-1,[ OK ]
125.1,10-Mar-26 10:13:25,1.088E+06,96.63,0.1318,120.5,0.05475,0.525,1.524,0,0,0,100,16.28,0.2132,404.3,200,1,0,-1,1,0,1,2.285,1,1,1,4,4,-1,[ OK ]
125.6,10-Mar-26 10:13:25,1.088E+06,96.63,0.1316,120.7,0.05346,0.5251,1.522,0,0,0,100,16.28,0.214,404.2,200,1,0,-1,1,0,1,2.37,1,1,1,4,4,-1,[ OK ]
126.0,10-Mar-26 10:13:26,1.088E+06,96.63,0.1317,120.3,0.05396,0.5246,1.528,0,0,0,100,16.28,0.2143,403.9,200,1,0,-1,1,0,1,2.456,1,1,1,4,4,-1,[ OK ]
126.6,10-Mar-26 10:13:26,1.088E+06,96.63,0.1313,120.9,0.05455,0.5245,1.529,0,0,0,100,16.28,0.2146,404,200,1,0,-1,1,0,1,2.582,1,1,1,4,4,-1,[ OK ]
127.2,10-Mar-26 10:13:27,1.088E+06,96.63,0.1312,120.7,0.05515,0.5249,1.524,0,0,0,100,16.28,0.2128,404.3,200,1,0,-1,1,0,1,2.708,1,1,1,4,4,-1,[ OK ]
127.8,10-Mar-26 10:13:27,1.088E+06,96.63,0.132,118,0.3442,0.5245,1.529,0,0,0,100,16.28,0.2461,404.1,200,1,0,0.2857,1,1,1,1,1,1,1,4,4,-1,[ OK ]
128.3,10-Mar-26 10:13:28,1.088E+06,96.63,0.1333,115.5,0.3452,0.524,1.534,0,0,0,100,16.28,0.2449,404.4,200,1,0,0.2997,1,1,1,1,1,1,1,4,4,-1,[ OK ]
128.8,10-Mar-26 10:13:28,1.088E+06,96.63,0.1346,113.9,0.3482,0.5249,1.524,0,0,0,100,16.28,0.2455,404,200,1,0,0.2857,1,1,1,1,1,1,1,4,4,-1,[ OK ]
129.3,10-Mar-26 10:13:29,1.088E+06,96.63,0.1359,112.9,0.3449,0.5247,1.525,0,0,0,100,16.28,0.2437,403.9,200,1,0,0.2969,1,1,1,1,1,1,1,4,4,-1,[ OK ]
129.8,10-Mar-26 10:13:29,1.088E+06,96.63,0.1367,113.4,0.3454,0.5242,1.53,0,0,0,100,16.28,0.2443,404.3,200,1,0,0.3047,1,1,1,1,1,1,1,4,4,-1,[ OK ]
130.2,10-Mar-26 10:13:30,1.088E+06,96.63,0.1374,113.5,0.3461,0.5251,1.521,0,0,0,100,16.28,0.2461,404.1,200,1,0,0.2854,1,1,1,1,1,1,1,4,4,-1,[ OK ]
130.7,10-Mar-26 10:13:30,1.088E+06,96.63,0.1383,113.8,0.347,0.5247,1.525,0,0,0,100,16.28,0.2446,404.1,200,1,0,0.2981,1,1,1,1,1,1,1,4,4,-1,[ OK ]
131.1,10-Mar-26 10:13:31,1.088E+06,96.63,0.1389,114.1,0.3489,0.5239,1.535,0,0,0,100,16.28,0.2463,404.1,200,1,0,0.2901,1,1,1,1,1,1,1,4,4,-1,[ OK ]
131.7,10-Mar-26 10:13:31,1.088E+06,96.63,0.1394,115.3,0.349,0.5247,1.525,0,0,0,100,16.28,0.2454,404.2,200,1,0,0.2919,1,1,1,1,1,1,1,4,4,-1,[ OK ]
132.2,10-Mar-26 10:13:32,1.088E+06,96.63,0.1399,116.2,0.05783,0.525,1.523,0,0,0,100,16.28,0.2142,404,200,1,0,-1,1,0,1,2.043,1,1,1,4,4,-1,[ OK ]
132.7,10-Mar-26 10:13:32,1.088E+06,96.63,0.1387,120.6,0.05366,0.5245,1.529,0,0,0,100,16.28,0.2136,404.3,200,1,0,-1,1,0,1,2.149,1,1,1,4,4,-1,[ OK ]
133.1,10-Mar-26 10:13:33,1.088E+06,96.63,0.1379,122.4,0.05525,0.5251,1.523,0,0,0,100,16.28,0.214,404.1,200,1,0,-1,1,0,1,2.234,1,1,1,4,4,-1,[ OK ]
133.6,10-Mar-26 10:13:33,1.088E+06,96.63,0.1371,123.8,0.05435,0.5251,1.523,0,0,0,100,16.28,0.2118,404.2,200,1,0,-1,1,0,1,2.32,1,1,1,4,4,-1,[ OK ]
134.1,10-Mar-26 10:13:34,1.088E+06,96.63,0.1363,124.3,0.05435,0.5246,1.528,0,0,0,100,16.28,0.2143,404.3,200,1,0,-1,1,0,1,2.425,1,1,1,4,4,-1,[ OK ]
134.6,10-Mar-26 10:13:34,1.088E+06,96.63,0.1356,124.4,0.05723,0.525,1.524,0,0,0,100,16.28,0.2127,404,200,1,0,-1,1,0,1,2.531,1,1,1,4,4,-1,[ OK ]
135.1,10-Mar-26 10:13:35,1.088E+06,96.63,0.1351,123.6,0.3219,0.525,1.525,0,0,0,100,16.28,0.2147,404,200,1,0,-1,1,0,1,2.012,1,1,1,4,4,-1,[ OK ]
135.7,10-Mar-26 10:13:35,1.088E+06,96.63,0.1345,123.7,0.05654,0.5242,1.533,0,0,0,100,16.28,0.2135,404.4,200,1,0,-1,1,0,1,2.118,1,1,1,4,4,-1,[ OK ]
136.2,10-Mar-26 10:13:36,1.088E+06,96.63,0.1341,123.2,0.05574,0.5248,1.527,0,0,0,100,16.28,0.2132,404.3,200,1,0,-1,1,0,1,2.224,1,1,1,4,4,-1,[ OK ]
136.6,10-Mar-26 10:13:36,1.088E+06,96.63,0.1336,123.4,0.05535,0.5246,1.529,0,0,0,100,16.28,0.2125,404.1,200,1,0,-1,1,0,1,2.309,1,1,1,4,4,-1,[ OK ]
137.1,10-Mar-26 10:13:37,1.088E+06,96.63,0.1332,123.3,0.05465,0.525,1.524,0,0,0,100,16.28,0.2131,404.1,200,1,0,-1,1,0,1,2.394,1,1,1,4,4,-1,[ OK ]
137.5,10-Mar-26 10:13:37,1.088E+06,96.63,0.1329,123.1,0.05306,0.5249,1.525,0,0,0,100,16.28,0.2127,404.1,200,1,0,-1,1,0,1,2.48,1,1,1,4,4,-1,[ OK ]
137.9,10-Mar-26 10:13:37,1.088E+06,96.63,0.1327,122.5,0.05356,0.5247,1.528,0,0,0,100,16.28,0.2126,404.2,200,1,0,-1,1,0,1,2.565,1,1,1,4,4,-1,[ OK ]
138.3,10-Mar-26 10:13:38,1.088E+06,96.63,0.1326,121.8,0.05068,0.5246,1.529,0,0,0,100,16.28,0.2136,404.1,200,1,0,-1,1,0,1,2.651,1,1,1,4,4,-1,[ OK ]
138.8,10-Mar-26 10:13:38,1.088E+06,96.63,0.1321,122.2,0.05564,0.5242,1.533,0,0,0,100,16.28,0.2142,404.1,200,1,0,-1,1,0,1,2.736,1,1,1,4,4,-1,[ OK ]
139.2,10-Mar-26 10:13:39,1.088E+06,96.63,0.1319,121.9,0.05475,0.5244,1.532,0,0,0,100,16.28,0.2487,404,200,1,0,0.2473,1,1,1,1,1,1,1,4,4,-1,[ OK ]
139.6,10-Mar-26 10:13:39,1.088E+06,96.63,0.1321,121,0.05128,0.5248,1.527,0,0,0,100,16.28,0.2141,404.1,200,1,0,-1,1,0,1,2.074,1,1,1,4,4,-1,[ OK ]
140.0,10-Mar-26 10:13:40,1.088E+06,96.63,0.1318,121.3,0.05306,0.5246,1.529,0,0,0,100,16.28,0.214,404.2,200,1,0,-1,1,0,1,2.159,1,1,1,4,4,-1,[ OK ]
140.5,10-Mar-26 10:13:40,1.088E+06,96.63,0.1315,121.6,0.05505,0.5244,1.53,0,0,0,100,16.28,0.2127,404,200,1,0,-1,1,0,1,2.244,1,1,1,4,4,-1,[ OK ]
140.9,10-Mar-26 10:13:40,1.088E+06,96.63,0.1316,120.7,0.05277,0.5247,1.527,0,0,0,100,16.28,0.2129,404.3,200,1,0,-1,1,0,1,2.33,1,1,1,4,4,-1,[ OK ]
141.3,10-Mar-26 10:13:41,1.088E+06,96.63,0.1312,121.5,0.05515,0.5246,1.528,0,0,0,100,16.28,0.2132,404.3,200,1,0,-1,1,0,1,2.415,1,1,1,4,4,-1,[ OK ]
141.8,10-Mar-26 10:13:41,1.088E+06,96.63,0.131,121.5,0.05515,0.5245,1.529,0,0,0,100,16.28,0.2154,404.3,200,1,0,-1,1,0,1,2.5,1,1,1,4,4,-1,[ OK ]
142.2,10-Mar-26 10:13:42,1.088E+06,96.63,0.1309,121.2,0.05812,0.5249,1.525,0,0,0,100,16.28,0.2149,404,200,1,0,-1,1,0,1,2.585,1,1,1,4,4,-1,[ OK ]
142.6,10-Mar-26 10:13:42,1.088E+06,96.63,0.1308,121,0.05297,0.5249,1.525,0,0,0,100,16.28,0.2138,404,200,1,0,-1,1,0,1,2.67,1,1,1,4,4,-1,[ OK ]
143.0,10-Mar-26 10:13:43,1.088E+06,96.63,0.1305,121.5,0.05297,0.5243,1.532,0,0,0,100,16.28,0.2141,404.3,200,1,0,-1,1,0,1,2.755,1,1,1,4,4,-1,[ OK ]
143.3,10-Mar-26 10:13:43,1.088E+06,96.63,0.131,119.6,0.3371,0.5251,1.523,0,0,0,100,16.28,0.2133,404.2,200,1,0,-1,1,0,1,2.012,1,1,1,4,4,-1,[ OK ]
143.8,10-Mar-26 10:13:43,1.088E+06,96.63,0.1308,120.3,0.05525,0.5244,1.53,0,0,0,100,16.28,0.2135,404.3,200,1,0,-1,1,0,1,2.097,1,1,1,4,4,-1,[ OK ]
144.2,10-Mar-26 10:13:44,1.088E+06,96.63,0.1308,120,0.05336,0.5245,1.53,0,0,0,100,16.28,0.2142,404,200,1,0,-1,1,0,1,2.182,1,1,1,4,4,-1,[ OK ]
144.6,10-Mar-26 10:13:44,1.088E+06,96.63,0.1307,120.4,0.05376,0.5244,1.53,0,0,0,100,16.28,0.2126,404,200,1,0,-1,1,0,1,2.267,1,1,1,4,4,-1,[ OK ]
145.1,10-Mar-26 10:13:45,1.088E+06,96.63,0.1305,120.6,0.05306,0.5241,1.534,0,0,0,100,16.28,0.2133,403.9,200,1,0,-1,1,0,1,2.352,1,1,1,4,4,-1,[ OK ]
145.5,10-Mar-26 10:13:45,1.088E+06,96.63,0.1306,120.2,0.05495,0.5248,1.527,0,0,0,100,16.28,0.2133,404.1,200,1,0,-1,1,0,1,2.438,1,1,1,4,4,-1,[ OK ]
145.9,10-Mar-26 10:13:45,1.088E+06,96.63,0.1303,120.8,0.05207,0.5247,1.527,0,0,0,100,16.28,0.2133,404,200,1,0,-1,1,0,1,2.523,1,1,1,4,4,-1,[ OK ]
146.3,10-Mar-26 10:13:46,1.088E+06,96.63,0.1303,120.7,0.05386,0.5246,1.528,0,0,0,100,16.28,0.2129,404.3,200,1,0,-1,1,0,1,2.608,1,1,1,4,4,-1,[ OK ]
146.8,10-Mar-26 10:13:46,1.088E+06,96.63,0.1305,119.9,0.05515,0.5241,1.534,0,0,0,100,16.28,0.2135,404,200,1,0,-1,1,0,1,2.694,1,1,1,4,4,-1,[ OK ]
147.2,10-Mar-26 10:13:47,1.088E+06,96.63,0.1303,120.3,0.05207,0.5244,1.53,0,0,0,100,16.28,0.2132,404,200,1,0,-1,1,0,1,2.779,1,1,1,4,4,-1,[ OK ]
147.6,10-Mar-26 10:13:47,1.088E+06,96.63,0.1303,120.2,0.05733,0.5241,1.532,0,0,0,100,16.28,0.2127,404.1,200,1,0,-1,1,0,1,1,1,1,1,4,4,-1,[ OK ]
148.0,10-Mar-26 10:13:48,1.088E+06,96.63,0.1304,119.9,0.05693,0.525,1.523,0,0,0,100,16.28,0.2135,404,200,1,0,-1,1,0,1,2.06,1,1,1,4,4,-1,[ OK ]
148.4,10-Mar-26 10:13:48,1.088E+06,96.63,0.1304,120,0.05346,0.5244,1.529,0,0,0,100,16.28,0.213,404.3,200,1,0,-1,1,0,1,2.145,1,1,1,4,4,-1,[ OK ]
148.9,10-Mar-26 10:13:48,1.088E+06,96.63,0.1304,120.1,0.05217,0.5243,1.53,0,0,0,100,16.28,0.2122,404,200,1,0,-1,1,0,1,2.23,1,1,1,4,4,-1,[ OK ]
149.3,10-Mar-26 10:13:49,1.088E+06,96.63,0.1303,120.4,0.05465,0.5251,1.522,0,0,0,100,16.28,0.2132,404.1,200,1,0,-1,1,0,1,2.315,1,1,1,4,4,-1,[ OK ]
149.7,10-Mar-26 10:13:49,1.088E+06,96.63,0.1301,121.2,0.05624,0.5243,1.531,0,0,0,100,16.28,0.2119,404.3,200,1,0,-1,1,0,1,2.4,1,1,1,4,4,-1,[ OK ]
150.1,10-Mar-26 10:13:50,1.088E+06,96.63,0.1304,120,0.05376,0.5247,1.527,0,0,0,100,16.28,0.2135,404,200,1,0,-1,1,0,1,2.485,1,1,1,4,4,-1,[ OK ]
150.6,10-Mar-26 10:13:50,1.088E+06,96.63,0.1304,119.7,0.05525,0.5247,1.527,0,0,0,100,16.28,0.2139,404.3,200,1,0,-1,1,0,1,2.57,1,1,1,4,4,-1,[ OK ]
151.0,10-Mar-26 10:13:51,1.088E+06,96.63,0.1302,120.4,0.05257,0.5248,1.526,0,0,0,100,16.28,0.2136,404.1,200,1,0,-1,1,0,1,2.655,1,1,1,4,4,-1,[ OK ]
151.5,10-Mar-26 10:13:51,1.088E+06,96.63,0.1301,120.4,0.05435,0.5249,1.525,0,0,0,100,16.28,0.2472,404.3,200,1,0,0.2575,1,1,1,1,1,1,1,4,4,-1,[ OK ]
152.0,10-Mar-26 10:13:51,1.088E+06,96.63,0.1306,119.3,0.05376,0.525,1.524,0,0,0,100,16.28,0.2131,404.2,200,1,0,-1,1,0,1,2.074,1,1,1,4,4,-1,[ OK ]
152.4,10-Mar-26 10:13:52,1.088E+06,96.63,0.1304,119.9,0.05366,0.5243,1.531,0,0,0,100,16.28,0.213,404,200,1,0,-1,1,0,1,2.148,1,1,1,4,4,-1,[ OK ]
152.8,10-Mar-26 10:13:52,1.088E+06,96.63,0.1371,120.1,0.05465,0.5251,1.522,0,0,0,100,16.28,0.2131,404.1,200,1,0,-1,1,0,1,2.247,1,1,1,4,4,-1,[ OK ]
153.3,10-Mar-26 10:13:53,1.088E+06,96.63,0.1388,122.3,0.05406,0.5242,1.533,0,0,0,100,16.28,0.2129,404.2,200,1,0,-1,1,0,1,2.333,1,1,1,4,4,-1,[ OK ]
153.7,10-Mar-26 10:13:53,1.088E+06,96.63,0.1402,124.7,0.05346,0.5246,1.529,0,0,0,100,16.28,0.2127,404.1,200,1,0,-1,1,0,1,2.418,1,1,1,4,4,-1,[ OK ]
154.2,10-Mar-26 10:13:54,1.088E+06,96.63,0.1424,125.3,0.05445,0.5245,1.53,0,0,0,100,16.28,0.2129,404,200,1,0,-1,1,0,1,2.524,1,1,1,4,4,-1,[ OK ]
154.6,10-Mar-26 10:13:54,1.088E+06,96.63,0.1442,125.4,0.0616,0.5246,1.529,0,0,0,100,16.28,0.2142,404.3,200,1,0,-1,1,0,1,2.04,1,1,1,4,4,-1,[ OK ]
155.1,10-Mar-26 10:13:55,1.088E+06,96.63,0.145,128.1,0.05713,0.5243,1.532,0,0,0,100,16.28,0.2138,404,200,1,0,-1,1,0,1,2.125,1,1,1,4,4,-1,[ OK ]
155.5,10-Mar-26 10:13:55,1.088E+06,96.63,0.1459,129.6,0.05426,0.5249,1.526,0,0,0,100,16.28,0.2153,403.9,200,1,0,-1,1,0,1,2.21,1,1,1,4,4,-1,[ OK ]
155.9,10-Mar-26 10:13:55,1.088E+06,96.63,0.147,130.4,0.05217,0.5251,1.523,0,0,0,100,16.28,0.2139,404.3,200,1,0,-1,1,0,1,2.295,1,1,1,4,4,-1,[ OK ]
156.3,10-Mar-26 10:13:56,1.088E+06,96.63,0.1479,131.1,0.05247,0.5248,1.525,0,0,0,100,16.28,0.2147,404,200,1,0,-1,1,0,1,2.38,1,1,1,4,4,-1,[ OK ]
156.9,10-Mar-26 10:13:56,1.088E+06,96.63,0.1495,130.3,0.354,0.5249,1.524,0,0,0,100,16.28,0.2123,404.2,200,1,0,-1,1,0,1,2.012,1,1,1,4,4,-1,[ OK ]
157.4,10-Mar-26 10:13:57,1.088E+06,96.63,0.1505,132.2,0.05872,0.5243,1.53,0,0,0,100,16.28,0.2144,404.1,200,1,0,-1,1,0,1,2.118,1,1,1,4,4,-1,[ OK ]
157.9,10-Mar-26 10:13:57,1.088E+06,96.63,0.1513,133.4,0.05842,0.525,1.523,0,0,0,100,16.28,0.2139,404.3,200,1,0,-1,1,0,1,2.224,1,1,1,4,4,-1,[ OK ]
158.4,10-Mar-26 10:13:58,1.088E+06,96.63,0.1519,134.5,0.05535,0.5243,1.53,0,0,0,100,16.28,0.2474,404,200,1,0,0.3095,1,1,1,1,1,1,1,4,4,-1,[ OK ]
159.0,10-Mar-26 10:13:58,1.088E+06,96.65,0.154,131.5,0.3585,0.5248,1.525,0,0,0,100,16.28,0.2468,404.2,200,1,0,0.3083,1,1,1,1,1,1,1,4,4,-1,[ OK ]
159.5,10-Mar-26 10:13:59,1.088E+06,96.65,0.156,129.8,0.3509,0.5246,1.528,0,0,0,100,16.28,0.2449,404.4,200,1,0,0.3168,1,1,1,1,1,1,1,4,4,-1,[ OK ]
159.9,10-Mar-26 10:13:59,1.088E+06,96.65,0.1575,129.5,0.3545,0.5251,1.523,0,0,0,100,16.28,0.2465,404.4,200,1,0,0.3034,1,1,1,1,1,1,1,4,4,-1,[ OK ]
160.3,10-Mar-26 10:14:00,1.088E+06,96.65,0.1589,129.4,0.3439,0.5248,1.526,0,0,0,100,16.28,0.2132,404.2,200,1,0,-1,1,0,1,2.012,1,1,1,4,4,-1,[ OK ]
160.8,10-Mar-26 10:14:00,1.088E+06,96.65,0.159,132.9,0.05644,0.5241,1.533,0,0,0,100,16.28,0.2139,404.2,200,1,0,-1,1,0,1,2.097,1,1,1,4,4,-1,[ OK ]
161.2,10-Mar-26 10:14:01,1.088E+06,96.65,0.1587,136.1,0.05287,0.5244,1.53,0,0,0,100,16.28,0.2127,404,200,1,0,-1,1,0,1,2.182,1,1,1,4,4,-1,[ OK ]
161.5,10-Mar-26 10:14:01,1.088E+06,96.65,0.1589,136.6,0.05287,0.5248,1.526,0,0,0,100,16.28,0.2494,404.2,200,1,0,0.3089,1,1,1,1,1,1,1,4,4,-1,[ OK ]
161.9,10-Mar-26 10:14:01,1.088E+06,96.65,0.1601,134.5,0.3588,0.5251,1.523,0,0,0,100,16.28,0.2479,404.3,200,1,0,0.3085,1,1,1,1,1,1,1,4,4,-1,[ OK ]
162.3,10-Mar-26 10:14:02,1.088E+06,96.65,0.1611,133.8,0.3639,0.5253,1.521,0,0,0,100,16.28,0.2475,404.4,200,1,0,0.3097,1,1,1,1,1,1,1,4,4,-1,[ OK ]
162.8,10-Mar-26 10:14:02,1.088E+06,96.65,0.1624,132.4,0.3612,0.5247,1.527,0,0,0,100,16.28,0.2162,404,200,1,0,-0.2869,1,0,1,2,1,1,1,4,4,-1,[ OK ]
163.2,10-Mar-26 10:14:03,1.088E+06,96.65,0.1621,136,0.05644,0.5242,1.533,0,0,0,100,16.28,0.2135,404.3,200,1,0,-1,1,0,1,2.085,1,1,1,4,4,-1,[ OK ]
163.6,10-Mar-26 10:14:03,1.088E+06,96.65,0.162,137.6,0.05693,0.5245,1.529,0,0,0,100,16.28,0.2127,404.2,200,1,0,-1,1,0,1,2.171,1,1,1,4,4,-1,[ OK ]
164.1,10-Mar-26 10:14:04,1.088E+06,96.65,0.1615,139.7,0.3499,0.5242,1.532,0,0,0,100,16.28,0.2466,403.9,200,1,0,0.3027,1,1,1,1,1,1,1,4,4,-1,[ OK ]
164.6,10-Mar-26 10:14:04,1.088E+06,96.65,0.1628,136.8,0.3593,0.5251,1.524,0,0,0,100,16.28,0.2473,404.3,200,1,0,0.3174,1,1,1,1,1,1,1,4,4,-1,[ OK ]
165.1,10-Mar-26 10:14:05,1.088E+06,96.65,0.1642,134.7,0.36,0.525,1.526,0,0,0,100,16.28,0.2463,404,200,1,0,0.3249,1,1,1,1,1,1,1,4,4,-1,[ OK ]
165.5,10-Mar-26 10:14:05,1.088E+06,96.65,0.1646,135.7,0.05921,0.5251,1.524,0,0,0,100,16.28,0.213,404.3,200,1,0,-1,1,0,1,2.064,1,1,1,4,4,-1,[ OK ]
165.8,10-Mar-26 10:14:05,1.088E+06,96.65,0.1639,138.8,0.05723,0.5244,1.531,0,0,0,100,16.28,0.2133,404.2,200,1,0,-1,1,0,1,2.129,1,1,1,4,4,-1,[ OK ]
166.3,10-Mar-26 10:14:06,1.088E+06,96.65,0.1633,140.7,0.05693,0.525,1.525,0,0,0,100,16.28,0.213,404,200,1,0,-1,1,0,1,2.202,1,1,1,4,4,-1,[ OK ]
166.7,10-Mar-26 10:14:06,1.088E+06,96.65,0.1636,139.6,0.3675,0.5247,1.527,0,0,0,100,16.28,0.246,404.1,200,1,0,0.3151,1,1,1,1,1,1,1,4,4,-1,[ OK ]
167.1,10-Mar-26 10:14:07,1.088E+06,96.65,0.1649,136.4,0.3614,0.5242,1.533,0,0,0,100,16.28,0.2465,404,200,1,0,0.3257,1,1,1,1,1,1,1,4,4,-1,[ OK ]
167.6,10-Mar-26 10:14:07,1.088E+06,96.65,0.1658,135.4,0.364,0.5242,1.534,0,0,0,100,16.28,0.2447,404.1,200,1,0,0.322,1,1,1,1,1,1,1,4,4,-1,[ OK ]
168.2,10-Mar-26 10:14:08,1.088E+06,96.65,0.1665,135.2,0.3617,0.5244,1.532,0,0,0,100,16.28,0.2463,403.9,200,1,0,0.3165,1,1,1,1,1,1,1,4,4,-1,[ OK ]
168.6,10-Mar-26 10:14:08,1.088E+06,96.65,0.1666,136.6,0.05535,0.5245,1.532,0,0,0,100,16.28,0.2132,404,200,1,0,-1,1,0,1,2.074,1,1,1,4,4,-1,[ OK ]
168.9,10-Mar-26 10:14:08,1.088E+06,96.65,0.1658,139.5,0.05793,0.5252,1.523,0,0,0,100,16.28,0.2114,404,200,1,0,-1,1,0,1,2.139,1,1,1,4,4,-1,[ OK ]
169.4,10-Mar-26 10:14:09,1.088E+06,96.65,0.165,141.7,0.05465,0.5249,1.526,0,0,0,100,16.28,0.2473,404.2,200,1,0,0.3144,1,1,1,1,1,1,1,4,4,-1,[ OK ]
169.9,10-Mar-26 10:14:09,1.088E+06,96.65,0.1656,139.3,0.3615,0.5254,1.521,0,0,0,100,16.28,0.2469,404.2,200,1,0,0.3246,1,1,1,1,1,1,1,4,4,-1,[ OK ]
170.3,10-Mar-26 10:14:10,1.088E+06,96.65,0.1666,137.1,0.3608,0.5246,1.529,0,0,0,100,16.28,0.2458,404,200,1,0,0.3226,1,1,1,1,1,1,1,4,4,-1,[ OK ]
170.8,10-Mar-26 10:14:10,1.088E+06,96.65,0.1671,136.9,0.07052,0.5242,1.533,0,0,0,100,16.28,0.2153,404,200,1,0,-1,1,0,1,2.036,1,1,1,4,4,-1,[ OK ]
171.3,10-Mar-26 10:14:11,1.088E+06,96.65,0.1659,141.1,0.05297,0.5248,1.526,0,0,0,100,16.28,0.2146,404.3,200,1,0,-1,1,0,1,2.142,1,1,1,4,4,-1,[ OK ]
171.7,10-Mar-26 10:14:11,1.088E+06,96.65,0.1653,142.6,0.05604,0.5252,1.523,0,0,0,100,16.28,0.2156,404.3,200,1,0,-1,1,0,1,1,1,1,1,4,4,-1,[ OK ]
172.3,10-Mar-26 10:14:12,1.088E+06,96.65,0.1661,139.2,0.3642,0.5253,1.522,0,0,0,100,16.28,0.2502,404.2,200,1,0,0.2994,1,1,1,1,1,1,1,4,4,-1,[ OK ]
172.8,10-Mar-26 10:14:12,1.088E+06,96.65,0.1668,137.8,0.3597,0.5252,1.522,0,0,0,100,16.28,0.2502,404,200,1,0,0.2993,1,1,1,1,1,1,1,4,4,-1,[ OK ]
173.4,10-Mar-26 10:14:13,1.088E+06,96.65,0.1677,136.5,0.3625,0.5241,1.534,0,0,0,100,16.28,0.2178,404.1,200,1,0,-1,1,0,1,2.012,1,1,1,4,4,-1,[ OK ]
174.0,10-Mar-26 10:14:14,1.088E+06,96.65,0.1667,140.9,0.06001,0.5248,1.526,0,0,0,100,16.28,0.2185,404.3,200,1,0,-1,1,0,1,2.139,1,1,1,4,4,-1,[ OK ]
174.5,10-Mar-26 10:14:14,1.088E+06,96.65,0.1659,142.5,0.06001,0.5243,1.531,0,0,0,100,16.28,0.2173,404,200,1,0,-1,1,0,1,1,1,1,1,4,4,-1,[ OK ]
175.0,10-Mar-26 10:14:15,1.088E+06,96.65,0.1666,139.6,0.3601,0.5241,1.533,0,0,0,100,16.28,0.2497,404,200,1,0,0.3101,1,1,1,1,1,1,1,4,4,-1,[ OK ]
175.5,10-Mar-26 10:14:15,1.088E+06,96.65,0.1674,137.6,0.3616,0.5251,1.523,0,0,0,100,16.28,0.25,404.3,200,1,0,0.3069,1,1,1,1,1,1,1,4,4,-1,[ OK ]
176.0,10-Mar-26 10:14:16,1.088E+06,96.65,0.1674,138.8,0.05981,0.5248,1.526,0,0,0,100,16.28,0.218,403.9,200,1,0,-1,1,0,1,2.064,1,1,1,4,4,-1,[ OK ]
176.6,10-Mar-26 10:14:16,1.088E+06,96.65,0.1665,141.6,0.05693,0.5243,1.532,0,0,0,100,16.28,0.2161,404.3,200,1,0,-1,1,0,1,2.17,1,1,1,4,4,-1,[ OK ]
177.0,10-Mar-26 10:14:17,1.088E+06,96.65,0.1657,143.1,0.05673,0.5244,1.531,0,0,0,100,16.28,0.2519,404,200,1,0,0.3082,1,1,1,1,1,1,1,4,4,-1,[ OK ]
177.5,10-Mar-26 10:14:17,1.088E+06,96.65,0.1668,139.1,0.3602,0.5249,1.526,0,0,0,100,16.28,0.2507,404,200,1,0,0.3088,1,1,1,1,1,1,1,4,4,-1,[ OK ]
178.0,10-Mar-26 10:14:18,1.088E+06,96.65,0.1675,137.6,0.3589,0.5244,1.533,0,0,0,100,16.28,0.2154,404,200,1,0,-1,1,0,1,2.012,1,1,1,4,4,-1,[ OK ]
178.5,10-Mar-26 10:14:18,1.088E+06,96.65,0.1666,141,0.05951,0.5245,1.531,0,0,0,100,16.28,0.2159,404.1,200,1,0,-1,1,0,1,2.097,1,1,1,4,4,-1,[ OK ]
179.0,10-Mar-26 10:14:19,1.088E+06,96.65,0.1662,141.8,0.05634,0.5251,1.525,0,0,0,100,16.28,0.2158,404.3,200,1,0,-1,1,0,1,2.203,1,1,1,4,4,-1,[ OK ]
179.4,10-Mar-26 10:14:19,1.088E+06,96.65,0.1659,141.6,0.3641,0.5248,1.528,0,0,0,100,16.28,0.2467,404.2,200,1,0,0.3177,1,1,1,1,1,1,1,4,4,-1,[ OK ]
179.8,10-Mar-26 10:14:19,1.088E+06,96.65,0.1668,138.5,0.3584,0.5243,1.533,0,0,0,100,16.28,0.2488,404,200,1,0,0.313,1,1,1,1,1,1,1,4,4,-1,[ OK ]
180.3,10-Mar-26 10:14:20,1.088E+06,96.65,0.1674,137.3,0.3625,0.5248,1.527,0,0,0,100,16.28,0.2473,404.2,200,1,0,0.3129,1,0,1,2,1,1,1,4,4,-1,[ OK ]
180.7,10-Mar-26 10:14:20,1.088E+06,96.65,0.167,139.6,0.06209,0.5251,1.524,0,0,0,100,16.28,0.2146,404.3,200,1,0,-1,1,0,1,2.086,1,1,1,4,4,-1,[ OK ]
181.1,10-Mar-26 10:14:21,1.088E+06,96.65,0.1661,141.9,0.05693,0.5244,1.532,0,0,0,100,16.28,0.2137,404.3,200,1,0,-1,1,0,1,2.171,1,1,1,4,4,-1,[ OK ]
181.5,10-Mar-26 10:14:21,1.088E+06,96.65,0.1655,143,0.05624,0.5253,1.523,0,0,0,100,16.28,0.2488,404.1,200,1,0,0.314,1,1,1,1,1,1,1,4,4,-1,[ OK ]
182.0,10-Mar-26 10:14:21,1.088E+06,96.65,0.1664,139.6,0.3578,0.525,1.526,0,0,0,100,16.28,0.248,404.3,200,1,0,0.311,1,1,1,1,1,1,1,4,4,-1,[ OK ]
182.4,10-Mar-26 10:14:22,1.088E+06,96.65,0.167,138.2,0.363,0.5249,1.527,0,0,0,100,16.28,0.2496,404.2,200,1,0,0.3094,1,1,1,1,1,1,1,4,4,-1,[ OK ]
182.7,10-Mar-26 10:14:22,1.088E+06,96.65,0.1675,137.4,0.3609,0.5249,1.527,0,0,0,100,16.28,0.2498,403.9,200,1,0,0.3047,1,1,1,1,1,1,1,4,4,-1,[ OK ]
183.1,10-Mar-26 10:14:23,1.088E+06,96.65,0.168,137,0.3618,0.525,1.526,0,0,0,100,16.28,0.2156,404.2,200,1,0,0.1009,1,0,1,2,1,1,1,4,4,-1,[ OK ]
183.5,10-Mar-26 10:14:23,1.088E+06,96.65,0.1674,139.9,0.05683,0.5243,1.534,0,0,0,100,16.28,0.2166,404.2,200,1,0,-1,1,0,1,2.086,1,1,1,4,4,-1,[ OK ]
183.9,10-Mar-26 10:14:23,1.088E+06,96.65,0.167,141,0.05753,0.525,1.526,0,0,0,100,16.28,0.216,404.2,200,1,0,-1,1,0,1,2.15,1,1,1,4,4,-1,[ OK ]
184.3,10-Mar-26 10:14:24,1.088E+06,96.65,0.1661,143,0.05773,0.5251,1.525,0,0,0,100,16.28,0.2516,404.2,200,1,0,0.2993,1,1,1,1,1,1,1,4,4,-1,[ OK ]
184.7,10-Mar-26 10:14:24,1.088E+06,96.65,0.167,139.3,0.3627,0.5248,1.528,0,0,0,100,16.28,0.2472,404.1,200,1,0,0.3078,1,1,1,1,1,1,1,4,4,-1,[ OK ]
185.2,10-Mar-26 10:14:25,1.088E+06,96.65,0.1677,137.8,0.3574,0.5247,1.53,0,0,0,100,16.28,0.2475,404.1,200,1,0,0.3124,1,1,1,1,1,1,1,4,4,-1,[ OK ]
185.7,10-Mar-26 10:14:25,1.088E+06,96.65,0.1681,137.5,0.05882,0.5251,1.524,0,0,0,100,16.28,0.2139,404.3,200,1,0,-1,1,0,1,2.043,1,1,1,4,4,-1,[ OK ]
186.1,10-Mar-26 10:14:26,1.088E+06,96.65,0.167,141.1,0.05545,0.5242,1.534,0,0,0,100,16.28,0.2165,403.9,200,1,0,-1,1,0,1,2.129,1,1,1,4,4,-1,[ OK ]
186.5,10-Mar-26 10:14:26,1.088E+06,96.65,0.1664,142.4,0.05614,0.5251,1.524,0,0,0,100,16.28,0.215,404.2,200,1,0,-1,1,0,1,2.214,1,1,1,4,4,-1,[ OK ]
186.8,10-Mar-26 10:14:26,1.088E+06,96.65,0.1663,141.7,0.3655,0.5248,1.527,0,0,0,100,16.28,0.2488,404.3,200,1,0,0.3189,1,1,1,1,1,1,1,4,4,-1,[ OK ]
187.4,10-Mar-26 10:14:27,1.088E+06,96.65,0.1672,138.8,0.3641,0.5249,1.526,0,0,0,100,16.28,0.2478,404.1,200,1,0,0.3096,1,1,1,1,1,1,1,4,4,-1,[ OK ]
187.8,10-Mar-26 10:14:27,1.088E+06,96.65,0.1679,137.3,0.3617,0.5242,1.533,0,0,0,100,16.28,0.2266,404.3,200,1,0,0.3645,1,0,1,2,1,1,1,4,4,-1,[ OK ]
188.1,10-Mar-26 10:14:28,1.088E+06,96.65,0.1673,139.6,0.05535,0.5247,1.527,0,0,0,100,16.28,0.2154,404.3,200,1,0,-1,1,0,1,2.065,1,1,1,4,4,-1,[ OK ]
188.5,10-Mar-26 10:14:28,1.088E+06,96.65,0.1666,141.7,0.05703,0.5243,1.532,0,0,0,100,16.28,0.2149,404.3,200,1,0,-1,1,0,1,2.151,1,1,1,4,4,-1,[ OK ]
189.0,10-Mar-26 10:14:28,1.088E+06,96.65,0.1659,143.1,0.05664,0.5244,1.53,0,0,0,100,16.28,0.2486,404.2,200,1,0,0.3125,1,1,1,1,1,1,1,4,4,-1,[ OK ]
189.4,10-Mar-26 10:14:29,1.088E+06,96.65,0.1664,140.6,0.3592,0.5248,1.526,0,0,0,100,16.28,0.2474,404,200,1,0,0.3196,1,1,1,1,1,1,1,4,4,-1,[ OK ]
189.8,10-Mar-26 10:14:29,1.088E+06,96.65,0.1671,138.7,0.3536,0.5248,1.526,0,0,0,100,16.28,0.2461,403.9,200,1,0,0.3243,1,1,1,1,1,1,1,4,4,-1,[ OK ]
190.2,10-Mar-26 10:14:30,1.088E+06,96.65,0.1677,137.7,0.3596,0.5246,1.529,0,0,0,100,16.28,0.2464,404.3,200,1,0,0.3185,1,1,1,1,1,1,1,4,4,-1,[ OK ]
190.6,10-Mar-26 10:14:30,1.088E+06,96.65,0.1683,137,0.3591,0.5248,1.527,0,0,0,100,16.28,0.214,404,200,1,0,-1,1,0,1,2,1,1,1,4,4,-1,[ OK ]
191.0,10-Mar-26 10:14:30,1.088E+06,96.65,0.1677,139.5,0.05812,0.5249,1.526,0,0,0,100,16.28,0.2141,404.3,200,1,0,-1,1,0,1,2.075,1,1,1,4,4,-1,[ OK ]
191.5,10-Mar-26 10:14:31,1.088E+06,96.65,0.1668,141.8,0.05951,0.5246,1.53,0,0,0,100,16.28,0.2139,403.9,200,1,0,-1,1,0,1,2.181,1,1,1,4,4,-1,[ OK ]
192.0,10-Mar-26 10:14:32,1.088E+06,96.65,0.1667,140.7,0.3663,0.5245,1.531,0,0,0,100,16.28,0.2477,404.3,200,1,0,0.3172,1,1,1,1,1,1,1,4,4,-1,[ OK ]
192.5,10-Mar-26 10:14:32,1.088E+06,96.65,0.1675,138.4,0.3572,0.5255,1.52,0,0,0,100,16.28,0.2476,404.2,200,1,0,0.3156,1,1,1,1,1,1,1,4,4,-1,[ OK ]
193.0,10-Mar-26 10:14:33,1.088E+06,96.65,0.1604,140.2,0.05564,0.5252,1.523,0,0,0,100,16.28,0.2144,404.3,200,1,0,-1,1,0,1,2.077,1,1,1,4,4,-1,[ OK ]
193.5,10-Mar-26 10:14:33,1.088E+06,96.65,0.157,140.8,0.05882,0.5245,1.53,0,0,0,100,16.28,0.2145,403.7,200,1,0,-1,1,0,1,2.182,1,1,1,4,4,-1,[ OK ]
194.0,10-Mar-26 10:14:34,1.088E+06,96.65,0.1551,136.6,0.3532,0.5253,1.521,0,0,0,100,16.28,0.2478,404.3,200,1,0,0.3005,1,1,1,1,1,1,1,4,4,-1,[ OK ]
194.5,10-Mar-26 10:14:34,1.088E+06,96.65,0.154,132.8,0.3568,0.5245,1.53,0,0,0,100,16.28,0.2465,404.2,200,1,0,0.309,1,1,1,1,1,1,1,4,4,-1,[ OK ]
195.1,10-Mar-26 10:14:35,1.088E+06,96.65,0.1518,133.7,0.05624,0.5251,1.522,0,0,0,100,16.28,0.2151,403.9,200,1,0,-1,1,0,1,2.088,1,1,1,4,4,-1,[ OK ]
195.6,10-Mar-26 10:14:35,1.088E+06,96.65,0.1495,133.9,0.05584,0.5244,1.531,0,0,0,100,16.28,0.2173,404,200,1,0,-1,1,0,1,2.194,1,1,1,4,4,-1,[ OK ]
196.1,10-Mar-26 10:14:36,1.088E+06,96.65,0.1482,131.2,0.3594,0.525,1.525,0,0,0,100,16.28,0.2481,404.2,200,1,0,0.2945,1,1,1,1,1,1,1,4,4,-1,[ OK ]
196.7,10-Mar-26 10:14:36,1.088E+06,96.65,0.1477,128.2,0.3506,0.5248,1.526,0,0,0,100,16.28,0.2475,403.9,200,1,0,0.2875,1,1,1,1,1,1,1,4,4,-1,[ OK ]
197.3,10-Mar-26 10:14:37,1.088E+06,96.65,0.1469,127,0.05495,0.5249,1.524,0,0,0,100,16.28,0.2164,404.3,200,1,0,-1,1,0,1,2.074,1,1,1,4,4,-1,[ OK ]
197.8,10-Mar-26 10:14:37,1.088E+06,96.65,0.1451,128.9,0.05416,0.5247,1.527,0,0,0,100,16.28,0.2146,404.3,200,1,0,-1,1,0,1,2.18,1,1,1,4,4,-1,[ OK ]
198.3,10-Mar-26 10:14:38,1.088E+06,96.65,0.1435,129.2,0.05197,0.5241,1.533,0,0,0,100,16.28,0.2142,404.3,200,1,0,-1,1,0,1,2.286,1,1,1,4,4,-1,[ OK ]
198.9,10-Mar-26 10:14:38,1.088E+06,96.65,0.142,129.2,0.05346,0.5245,1.53,0,0,0,100,16.28,0.2138,404.3,200,1,0,-1,1,0,1,2.391,1,1,1,4,4,-1,[ OK ]
199.4,10-Mar-26 10:14:39,1.088E+06,96.65,0.1413,127.2,0.3488,0.5243,1.53,0,0,0,100,16.28,0.2475,404.1,200,1,0,0.2909,1,1,1,1,1,1,1,4,4,-1,[ OK ]
199.8,10-Mar-26 10:14:39,1.088E+06,96.65,0.1419,123.1,0.3521,0.5241,1.534,0,0,0,100,16.28,0.2452,404,200,1,0,0.2929,1,1,1,1,1,1,1,4,4,-1,[ OK ]
200.2,10-Mar-26 10:14:40,1.088E+06,96.65,0.1421,121.6,0.3434,0.5243,1.532,0,0,0,100,16.28,0.2457,404.3,200,1,0,0.2952,1,1,1,1,1,1,1,4,4,-1,[ OK ]
200.7,10-Mar-26 10:14:40,1.088E+06,96.65,0.1421,121.1,0.3468,0.5249,1.526,0,0,0,100,16.28,0.2471,404.3,200,1,0,0.2981,1,1,1,1,1,1,1,4,4,-1,[ OK ]
201.1,10-Mar-26 10:14:41,1.088E+06,96.65,0.1427,119.3,0.3518,0.5241,1.534,0,0,0,100,16.28,0.2465,403.9,200,1,0,0.2961,1,1,1,1,1,1,1,4,4,-1,[ OK ]
201.5,10-Mar-26 10:14:41,1.088E+06,96.65,0.1429,119.1,0.3442,0.5244,1.53,0,0,0,100,16.28,0.2141,404.3,200,1,0,-1,1,0,1,2.012,1,1,1,4,4,-1,[ OK ]
201.9,10-Mar-26 10:14:41,1.088E+06,96.65,0.1422,121.5,0.05435,0.5251,1.523,0,0,0,100,16.28,0.2149,403.9,200,1,0,-1,1,0,1,2.098,1,1,1,4,4,-1,[ OK ]
202.4,10-Mar-26 10:14:42,1.088E+06,96.65,0.1412,123.5,0.05485,0.5249,1.524,0,0,0,100,16.28,0.216,404.3,200,1,0,-1,1,0,1,2.183,1,1,1,4,4,-1,[ OK ]
202.8,10-Mar-26 10:14:42,1.088E+06,96.65,0.1402,125,0.05505,0.5242,1.531,0,0,0,100,16.28,0.2144,404,200,1,0,-1,1,0,1,2.268,1,1,1,4,4,-1,[ OK ]
203.2,10-Mar-26 10:14:43,1.088E+06,96.65,0.1391,126.4,0.05346,0.5246,1.527,0,0,0,100,16.28,0.216,404.2,200,1,0,-1,1,0,1,2.353,1,1,1,4,4,-1,[ OK ]
203.6,10-Mar-26 10:14:43,1.088E+06,96.65,0.1385,126,0.05455,0.5238,1.536,0,0,0,100,16.28,0.2156,404.1,200,1,0,-1,1,0,1,2.438,1,1,1,4,4,-1,[ OK ]
204.1,10-Mar-26 10:14:44,1.088E+06,96.65,0.1385,123.8,0.3171,0.5251,1.522,0,0,0,100,16.28,0.2163,404,200,1,0,-1,1,0,1,2.012,1,1,1,4,4,-1,[ OK ]
204.5,10-Mar-26 10:14:44,1.088E+06,96.65,0.1376,124.8,0.05435,0.524,1.534,0,0,0,100,16.28,0.2168,404.2,200,1,0,-1,1,0,1,2.097,1,1,1,4,4,-1,[ OK ]
204.9,10-Mar-26 10:14:44,1.088E+06,96.65,0.137,124.7,0.05683,0.5247,1.526,0,0,0,100,16.28,0.2165,404,200,1,0,-1,1,0,1,2.182,1,1,1,4,4,-1,[ OK ]
205.3,10-Mar-26 10:14:45,1.088E+06,96.65,0.1364,124.7,0.05297,0.525,1.522,0,0,0,100,16.28,0.2149,404,200,1,0,-1,1,0,1,2.267,1,1,1,4,4,-1,[ OK ]
205.8,10-Mar-26 10:14:45,1.088E+06,96.65,0.136,124.3,0.04979,0.5251,1.521,0,0,0,100,16.28,0.2168,404.1,200,1,0,-1,1,0,1,2.352,1,1,1,4,4,-1,[ OK ]
206.2,10-Mar-26 10:14:46,1.088E+06,96.65,0.1354,124.2,0.05584,0.524,1.534,0,0,0,100,16.28,0.2154,404.1,200,1,0,-1,1,0,1,2.437,1,1,1,4,4,-1,[ OK ]
206.6,10-Mar-26 10:14:46,1.088E+06,96.65,0.135,123.8,0.05316,0.5244,1.529,0,0,0,100,16.28,0.2172,404,200,1,0,-1,1,0,1,2.522,1,1,1,4,4,-1,[ OK ]
207.0,10-Mar-26 10:14:47,1.088E+06,96.65,0.1345,123.9,0.05475,0.5245,1.527,0,0,0,100,16.28,0.2159,404,200,1,0,-1,1,0,1,2.607,1,1,1,4,4,-1,[ OK ]
207.5,10-Mar-26 10:14:47,1.088E+06,96.65,0.134,123.8,0.05455,0.525,1.522,0,0,0,100,16.28,0.2141,404.3,200,1,0,-1,1,0,1,1,1,1,1,4,4,-1,[ OK ]
208.0,10-Mar-26 10:14:48,1.088E+06,96.65,0.1342,122.1,0.05346,0.524,1.534,0,0,0,100,16.28,0.2158,404.4,200,1,0,-1,1,0,1,2.064,1,1,1,4,4,-1,[ OK ]
208.5,10-Mar-26 10:14:48,1.088E+06,96.65,0.1338,122,0.05495,0.5247,1.526,0,0,0,100,16.28,0.2168,404.1,200,1,0,-1,1,0,1,2.17,1,1,1,4,4,-1,[ OK ]
209.0,10-Mar-26 10:14:49,1.088E+06,96.65,0.1334,122.1,0.05396,0.5245,1.527,0,0,0,100,16.28,0.2153,403.9,200,1,0,-1,1,0,1,2.275,1,1,1,4,4,-1,[ OK ]
209.5,10-Mar-26 10:14:49,1.088E+06,96.65,0.1332,121.7,0.05386,0.5245,1.529,0,0,0,100,16.28,0.2168,404.1,200,1,0,-1,1,0,1,2.361,1,1,1,4,4,-1,[ OK ]
209.9,10-Mar-26 10:14:49,1.088E+06,96.65,0.1327,122.4,0.05247,0.5252,1.521,0,0,0,100,16.28,0.2157,404,200,1,0,-1,1,0,1,2.446,1,1,1,4,4,-1,[ OK ]
210.3,10-Mar-26 10:14:50,1.088E+06,96.65,0.1328,121.2,0.05594,0.5244,1.529,0,0,0,100,16.28,0.2166,404.3,200,1,0,-1,1,0,1,2.531,1,1,1,4,4,-1,[ OK ]
210.7,10-Mar-26 10:14:50,1.088E+06,96.65,0.1326,121.1,0.04959,0.5249,1.525,0,0,0,100,16.28,0.2151,404.4,200,1,0,-1,1,0,1,2.617,1,1,1,4,4,-1,[ OK ]
211.2,10-Mar-26 10:14:51,1.088E+06,96.65,0.1323,121.6,0.05366,0.5243,1.531,0,0,0,100,16.28,0.2165,404.2,200,1,0,-1,1,0,1,2.703,1,1,1,4,4,-1,[ OK ]
211.6,10-Mar-26 10:14:51,1.088E+06,96.65,0.1322,121.3,0.05297,0.5251,1.523,0,0,0,100,16.28,0.2166,404.3,200,1,0,-1,1,0,1,2.788,1,1,1,4,4,-1,[ OK ]
212.0,10-Mar-26 10:14:52,1.088E+06,96.65,0.1319,121.8,0.05178,0.5254,1.52,0,0,0,100,16.28,0.2168,404.1,200,1,0,-1,1,0,1,1,1,1,1,4,4,-1,[ OK ]
212.4,10-Mar-26 10:14:52,1.088E+06,96.65,0.1323,120.4,0.05306,0.5244,1.53,0,0,0,100,16.28,0.2165,404.2,200,1,0,-1,1,0,1,2.067,1,1,1,4,4,-1,[ OK ]
212.9,10-Mar-26 10:14:52,1.088E+06,96.65,0.1321,120.8,0.05217,0.5243,1.532,0,0,0,100,16.28,0.2164,404.1,200,1,0,-1,1,0,1,2.153,1,1,1,4,4,-1,[ OK ]
213.3,10-Mar-26 10:14:53,1.088E+06,96.65,0.1321,120.2,0.05525,0.5241,1.533,0,0,0,100,16.28,0.2141,404,200,1,0,-1,1,0,1,2.238,1,1,1,4,4,-1,[ OK ]
213.7,10-Mar-26 10:14:53,1.088E+06,96.65,0.1319,120.7,0.05515,0.5249,1.524,0,0,0,100,16.28,0.2153,404,200,1,0,-1,1,0,1,2.323,1,1,1,4,4,-1,[ OK ]
214.2,10-Mar-26 10:14:54,1.088E+06,96.65,0.1319,120.3,0.05445,0.5247,1.526,0,0,0,100,16.28,0.2164,404,200,1,0,-1,1,0,1,2.408,1,1,1,4,4,-1,[ OK ]
214.5,10-Mar-26 10:14:54,1.088E+06,96.65,0.1317,120.7,0.05386,0.5244,1.53,0,0,0,100,16.28,0.2148,404.2,200,1,0,-1,1,0,1,2.473,1,1,1,4,4,-1,[ OK ]
215.0,10-Mar-26 10:14:55,1.088E+06,96.65,0.1317,120.5,0.05723,0.5247,1.526,0,0,0,100,16.28,0.2157,404,200,1,0,-1,1,0,1,2.579,1,1,1,4,4,-1,[ OK ]
215.4,10-Mar-26 10:14:55,1.088E+06,96.65,0.1316,120.5,0.05386,0.5252,1.521,0,0,0,100,16.28,0.2159,404.2,200,1,0,-1,1,0,1,2.664,1,1,1,4,4,-1,[ OK ]
215.9,10-Mar-26 10:14:55,1.088E+06,96.65,0.1317,119.9,0.05435,0.5241,1.533,0,0,0,100,16.28,0.2165,404.2,200,1,0,-1,1,0,1,2.75,1,1,1,4,4,-1,[ OK ]
216.3,10-Mar-26 10:14:56,1.088E+06,96.65,0.1312,121.3,0.05525,0.5247,1.526,0,0,0,100,16.28,0.2153,404,200,1,0,-1,1,0,1,2.835,1,1,1,4,4,-1,[ OK ]
216.7,10-Mar-26 10:14:56,1.088E+06,96.65,0.1314,120.3,0.05356,0.5246,1.526,0,0,0,100,16.28,0.2151,404,200,1,0,-1,1,0,1,1,1,1,1,4,4,-1,[ OK ]
217.1,10-Mar-26 10:14:57,1.088E+06,96.65,0.1319,118.8,0.05336,0.5244,1.529,0,0,0,100,16.28,0.2161,404,200,1,0,-1,1,0,1,2.053,1,1,1,4,4,-1,[ OK ]
217.6,10-Mar-26 10:14:57,1.088E+06,96.65,0.1315,120.2,0.05088,0.524,1.534,0,0,0,100,16.28,0.2151,404,200,1,0,-1,1,0,1,2.159,1,1,1,4,4,-1,[ OK ]
218.2,10-Mar-26 10:14:58,1.088E+06,96.65,0.1315,120.1,0.05485,0.5243,1.532,0,0,0,100,16.28,0.2152,403.9,200,1,0,-1,1,0,1,2.265,1,1,1,4,4,-1,[ OK ]
218.6,10-Mar-26 10:14:58,1.088E+06,96.65,0.1315,120.1,0.05475,0.5244,1.53,0,0,0,100,16.28,0.2144,404.3,200,1,0,-1,1,0,1,2.35,1,1,1,4,4,-1,[ OK ]
219.0,10-Mar-26 10:14:59,1.088E+06,96.67,0.1313,120.5,0.05525,0.5251,1.523,0,0,0,100,16.28,0.2143,404.2,200,1,0,-1,1,0,1,2.435,1,1,1,4,4,-1,[ OK ]
219.5,10-Mar-26 10:14:59,1.088E+06,96.67,0.1315,119.7,0.05376,0.5253,1.521,0,0,0,100,16.28,0.2154,404.2,200,1,0,-1,1,0,1,2.521,1,1,1,4,4,-1,[ OK ]
219.8,10-Mar-26 10:14:59,1.088E+06,96.67,0.1312,120.7,0.05515,0.524,1.535,0,0,0,100,16.28,0.215,403.8,200,1,0,-1,1,0,1,2.585,1,1,1,4,4,-1,[ OK ]
220.2,10-Mar-26 10:15:00,1.088E+06,96.67,0.1313,120.3,0.05485,0.5253,1.521,0,0,0,100,16.28,0.2155,404.2,200,1,0,-1,1,0,1,2.671,1,1,1,4,4,-1,[ OK ]
220.6,10-Mar-26 10:15:00,1.088E+06,96.67,0.1311,120.6,0.05455,0.5249,1.525,0,0,0,100,16.28,0.2155,404.1,200,1,0,-1,1,0,1,2.756,1,1,1,4,4,-1,[ OK ]
221.1,10-Mar-26 10:15:01,1.088E+06,96.67,0.1312,120.1,0.05168,0.5243,1.531,0,0,0,100,16.28,0.2462,404.4,200,1,0,0.2713,1,0,1,2,1,1,1,4,4,-1,[ OK ]
221.6,10-Mar-26 10:15:01,1.088E+06,96.67,0.1314,119.7,0.05366,0.524,1.535,0,0,0,100,16.28,0.2152,404,200,1,0,-1,1,0,1,2.106,1,1,1,4,4,-1,[ OK ]
222.1,10-Mar-26 10:15:02,1.088E+06,96.67,0.1313,120.2,0.05713,0.525,1.523,0,0,0,100,16.28,0.2159,404.1,200,1,0,-1,1,0,1,2.211,1,1,1,4,4,-1,[ OK ]
222.5,10-Mar-26 10:15:02,1.088E+06,96.67,0.1317,118.8,0.05673,0.5249,1.525,0,0,0,100,16.28,0.2165,404,200,1,0,-1,1,0,1,2.296,1,1,1,4,4,-1,[ OK ]
223.0,10-Mar-26 10:15:03,1.088E+06,96.67,0.1313,120.1,0.05039,0.5242,1.533,0,0,0,100,16.28,0.2147,404.4,200,1,0,-1,1,0,1,2.382,1,1,1,4,4,-1,[ OK ]
223.4,10-Mar-26 10:15:03,1.088E+06,96.67,0.1312,120.4,0.05287,0.5247,1.527,0,0,0,100,16.28,0.2154,404.2,200,1,0,-1,1,0,1,2.468,1,1,1,4,4,-1,[ OK ]
223.8,10-Mar-26 10:15:03,1.088E+06,96.67,0.1311,120.4,0.05366,0.5249,1.525,0,0,0,100,16.28,0.2144,404,200,1,0,-1,1,0,1,2.553,1,1,1,4,4,-1,[ OK ]
224.3,10-Mar-26 10:15:04,1.088E+06,96.67,0.1311,120.4,0.0489,0.5251,1.523,0,0,0,100,16.28,0.2159,404.1,200,1,0,-1,1,0,1,2.638,1,1,1,4,4,-1,[ OK ]
224.7,10-Mar-26 10:15:04,1.088E+06,96.67,0.1311,120.2,0.05455,0.5247,1.527,0,0,0,100,16.28,0.2148,404.3,200,1,0,-1,1,0,1,2.724,1,1,1,4,4,-1,[ OK ]
225.1,10-Mar-26 10:15:05,1.088E+06,96.67,0.1312,119.9,0.05386,0.5246,1.527,0,0,0,100,16.28,0.216,403.9,200,1,0,-1,1,0,1,2.809,1,1,1,4,4,-1,[ OK ]
225.5,10-Mar-26 10:15:05,1.088E+06,96.67,0.131,120.3,0.05366,0.5243,1.531,0,0,0,100,16.28,0.2133,404.1,200,1,0,-1,1,0,1,2.894,1,1,1,4,4,-1,[ OK ]
226.1,10-Mar-26 10:15:06,1.088E+06,96.67,0.1312,119.9,0.05287,0.5242,1.532,0,0,0,100,16.28,0.2152,404.1,200,1,0,-1,1,0,1,2.078,1,1,1,4,4,-1,[ OK ]
226.5,10-Mar-26 10:15:06,1.088E+06,96.67,0.1314,119.6,0.05406,0.525,1.523,0,0,0,100,16.28,0.2154,403.9,200,1,0,-1,1,0,1,2.163,1,1,1,4,4,-1,[ OK ]
226.9,10-Mar-26 10:15:06,1.088E+06,96.67,0.131,120.7,0.05445,0.525,1.523,0,0,0,100,16.28,0.2152,403.8,200,1,0,-1,1,0,1,2.248,1,1,1,4,4,-1,[ OK ]
227.4,10-Mar-26 10:15:07,1.088E+06,96.67,0.1313,119.7,0.05326,0.524,1.534,0,0,0,100,16.28,0.2153,403.8,200,1,0,-1,1,0,1,2.334,1,1,1,4,4,-1,[ OK ]
227.8,10-Mar-26 10:15:07,1.088E+06,96.67,0.1313,119.8,0.05247,0.5242,1.531,0,0,0,100,16.28,0.2158,404,200,1,0,-1,1,0,1,2.419,1,1,1,4,4,-1,[ OK ]
228.2,10-Mar-26 10:15:08,1.088E+06,96.67,0.1313,119.7,0.05326,0.5252,1.52,0,0,0,100,16.28,0.2146,404,200,1,0,-1,1,0,1,2.504,1,1,1,4,4,-1,[ OK ]
228.6,10-Mar-26 10:15:08,1.088E+06,96.67,0.1311,120.2,0.05356,0.524,1.534,0,0,0,100,16.28,0.2126,404.1,200,1,0,-1,1,0,1,2.589,1,1,1,4,4,-1,[ OK ]
229.2,10-Mar-26 10:15:09,1.088E+06,96.67,0.1311,120.2,0.05297,0.5241,1.533,0,0,0,100,16.28,0.2143,404.2,200,1,0,-1,1,0,1,2.695,1,1,1,4,4,-1,[ OK ]
229.7,10-Mar-26 10:15:09,1.088E+06,96.67,0.1313,119.5,0.05515,0.5244,1.53,0,0,0,100,16.28,0.2135,404.2,200,1,0,-1,1,0,1,2.801,1,1,1,4,4,-1,[ OK ]
230.1,10-Mar-26 10:15:10,1.088E+06,96.67,0.1311,120,0.05594,0.5252,1.521,0,0,0,100,16.28,0.2162,404.2,200,1,0,-1,1,0,1,2.886,1,1,1,4,4,-1,[ OK ]
230.5,10-Mar-26 10:15:10,1.088E+06,96.67,0.1311,120.1,0.2901,0.525,1.524,0,0,0,100,16.28,0.2144,404.2,200,1,0,-1,1,0,1,2.012,1,1,1,4,4,-1,[ OK ]
231.0,10-Mar-26 10:15:10,1.088E+06,96.67,0.1315,119.3,0.05257,0.5239,1.535,0,0,0,100,16.28,0.2143,404.2,200,1,0,-1,1,0,1,2.098,1,1,1,4,4,-1,[ OK ]
231.4,10-Mar-26 10:15:11,1.088E+06,96.67,0.1311,120.4,0.05406,0.5248,1.526,0,0,0,100,16.28,0.2159,403.9,200,1,0,-1,1,0,1,2.183,1,1,1,4,4,-1,[ OK ]
231.8,10-Mar-26 10:15:11,1.088E+06,96.67,0.1312,120.2,0.05475,0.5252,1.521,0,0,0,100,16.28,0.2171,404.1,200,1,0,-1,1,0,1,2.269,1,1,1,4,4,-1,[ OK ]
232.3,10-Mar-26 10:15:12,1.088E+06,96.67,0.1313,120,0.05346,0.5251,1.522,0,0,0,100,16.28,0.2149,404.1,200,1,0,-1,1,0,1,2.354,1,1,1,4,4,-1,[ OK ]
232.7,10-Mar-26 10:15:12,1.088E+06,96.67,0.1312,120.1,0.05346,0.5239,1.535,0,0,0,100,16.28,0.2152,404,200,1,0,-1,1,0,1,2.439,1,1,1,4,4,-1,[ OK ]
233.1,10-Mar-26 10:15:13,1.088E+06,96.67,0.1312,120.1,0.05515,0.524,1.534,0,0,0,100,16.28,0.2143,404,200,1,0,-1,1,0,1,2.524,1,1,1,4,4,-1,[ OK ]
233.5,10-Mar-26 10:15:13,1.088E+06,96.67,0.1311,120.3,0.05297,0.5247,1.527,0,0,0,100,16.28,0.215,404.1,200,1,0,-1,1,0,1,2.609,1,1,1,4,4,-1,[ OK ]
234.0,10-Mar-26 10:15:13,1.088E+06,96.67,0.1312,119.9,0.05386,0.5245,1.528,0,0,0,100,16.28,0.2138,404.4,200,1,0,-1,1,0,1,2.695,1,1,1,4,4,-1,[ OK ]
234.4,10-Mar-26 10:15:14,1.088E+06,96.67,0.1311,120.3,0.05356,0.525,1.523,0,0,0,100,16.28,0.2144,404,200,1,0,-1,1,0,1,2.779,1,1,1,4,4,-1,[ OK ]
234.9,10-Mar-26 10:15:14,1.088E+06,96.67,0.1311,120.1,0.05326,0.5249,1.524,0,0,0,100,16.28,0.2139,404.3,200,1,0,-1,1,0,1,2.885,1,1,1,4,4,-1,[ OK ]
235.3,10-Mar-26 10:15:15,1.088E+06,96.67,0.1316,118.4,0.334,0.5247,1.526,0,0,0,100,16.28,0.2146,404,200,1,0,-1,1,0,1,2.012,1,1,1,4,4,-1,[ OK ]
235.8,10-Mar-26 10:15:15,1.088E+06,96.67,0.1311,120.3,0.05297,0.5247,1.526,0,0,0,100,16.28,0.2136,403.8,200,1,0,-1,1,0,1,2.097,1,1,1,4,4,-1,[ OK ]
236.2,10-Mar-26 10:15:16,1.088E+06,96.67,0.1313,119.9,0.05058,0.5248,1.525,0,0,0,100,16.28,0.2162,404.2,200,1,0,-1,1,0,1,2.183,1,1,1,4,4,-1,[ OK ]
236.6,10-Mar-26 10:15:16,1.088E+06,96.67,0.1313,119.9,0.05207,0.524,1.533,0,0,0,100,16.28,0.2146,403.9,200,1,0,-1,1,0,1,2.268,1,1,1,4,4,-1,[ OK ]
237.0,10-Mar-26 10:15:17,1.088E+06,96.67,0.1312,119.9,0.05495,0.5241,1.532,0,0,0,100,16.28,0.2149,404,200,1,0,-1,1,0,1,2.353,1,1,1,4,4,-1,[ OK ]
237.5,10-Mar-26 10:15:17,1.088E+06,96.67,0.1312,120,0.05287,0.5252,1.521,0,0,0,100,16.28,0.2141,403.9,200,1,0,-1,1,0,1,2.438,1,1,1,4,4,-1,[ OK ]
237.8,10-Mar-26 10:15:17,1.088E+06,96.67,0.1311,120.2,0.05634,0.5248,1.525,0,0,0,100,16.28,0.2153,404.2,200,1,0,-1,1,0,1,2.503,1,1,1,4,4,-1,[ OK ]
238.3,10-Mar-26 10:15:18,1.088E+06,96.67,0.1311,120.2,0.05287,0.5244,1.53,0,0,0,100,16.28,0.2131,404.2,200,1,0,-1,1,0,1,2.609,1,1,1,4,4,-1,[ OK ]
238.7,10-Mar-26 10:15:18,1.088E+06,96.67,0.1312,120,0.05673,0.5249,1.524,0,0,0,100,16.28,0.2148,404,200,1,0,-1,1,0,1,2.694,1,1,1,4,4,-1,[ OK ]
239.2,10-Mar-26 10:15:19,1.088E+06,96.67,0.1312,119.9,0.05406,0.5245,1.528,0,0,0,100,16.28,0.2128,404.3,200,1,0,-1,1,0,1,2.779,1,1,1,4,4,-1,[ OK ]
240.4,10-Mar-26 10:15:20,1.088E+06,96.67,0.1314,119.2,0.3387,0.5251,1.522,0,0,0,100,16.28,0.2138,404,200,1,0,-1,1,0,1,-1,1,1,1,3.875,4,2,[ OK ]
241.8,10-Mar-26 10:15:21,1.088E+06,96.67,0,104.4,0.04989,0.5247,1.53,0,0,0,100,16.28,0.2121,404,200,1,0,0,1,0,1,-1,1,0,1,3.625,4,2,[ OK ]
242.6,10-Mar-26 10:15:22,1.088E+06,96.67,0,60.65,0.04265,0.5241,1.539,0,0,0,100,16.28,0.2113,404.1,200,1,0,0,1,0,1,-1,1,0,1,3.625,4,2,[ OK ]
243.2,10-Mar-26 10:15:23,1.088E+06,96.67,0,44.46,0.04235,0.5248,1.53,0,0,0,100,16.28,0.2154,404.3,200,1,0,0,1,0,1,-1,1,0,1,3.625,4,2,[ OK ]
243.8,10-Mar-26 10:15:23,1.088E+06,96.67,0,24.58,0.04364,0.5251,1.526,0,0,0,100,16.28,0.212,404,200,1,0,0,1,0,1,-1,1,0,1,3.625,4,2,[ OK ]
244.9,10-Mar-26 10:15:24,1.088E+06,96.67,0,15.82,0.04225,0.5251,1.526,0,0,0,100,16.28,0.2107,403.9,200,0,0,0,1,0,1,-1,1,0,1,3.125,4,2,[ OK ]
246.2,10-Mar-26 10:15:26,1.088E+06,96.67,0,4.537,0.04205,0.5248,1.529,0,0,0,100,16.28,0.00286,1.396,200,0,0,0,1,0,1,-1,1,0,2.626,3,3,2,[ OK ]
274.7,10-Mar-26 10:15:54,1.088E+06,96.67,0,1.146,0.04186,0,0.009668,0,0,0,100,16.28,0.002498,0,200,0,0,0,1,0,1,-1,1,0,4,2.25,2,4,[ OK ]
276.1,10-Mar-26 10:15:56,1.088E+06,96.67,0,0.7322,0.04275,0.2533,0.2049,0,0,0,100,16.28,0.003464,0,200,0,0,0,1,0,1,-1,1,0,4,3,2,4,[ OK ]
277.5,10-Mar-26 10:15:57,1.088E+06,96.67,0,1.194,0.04235,0.3452,0.6917,0,0,0,100,16.28,0.002377,0,200,0,0,0,1,0,1,-1,1,0,4,3,3,4,[ OK ]
278.8,10-Mar-26 10:15:58,1.088E+06,96.67,0,0.8755,0.04305,0.4042,0.988,0,0,0,100,16.28,0.001571,0,200,0,0,0,1,0,1,-1,1,0,4,3.105,3,4,[ OK ]
280.2,10-Mar-26 10:16:00,1.088E+06,96.67,0,1.035,0.04374,0.4417,1.191,0,0,0,100,16.28,0.2085,404,200,0,0,0,1,0,1,-1,1,0,1,3.211,3,4,[ OK ]
281.7,10-Mar-26 10:16:01,1.088E+06,96.67,0,1.146,0.03878,0.4675,1.318,0,0,0,100,16.28,0.2108,404,200,1,0,0,1,0,1,-1,1,0,1,3.368,3,4,[ OK ]
283.2,10-Mar-26 10:16:03,1.088E+06,96.67,0,1.464,0.04374,0.4842,1.398,0,0,0,100,16.28,0.2095,404.3,200,1,0,0,1,0,1,-1,1,0,1,3.526,3,4,[ OK ]
284.6,10-Mar-26 10:16:04,1.088E+06,96.67,0.02668,13.98,0.04592,0.4938,1.451,0,0,0,100,16.28,0.2131,404.2,200,1,0,-1,1,0,1,-1,1,1,1,3.632,3,4,[ OK ]
286.0,10-Mar-26 10:16:06,1.088E+06,96.67,0.03436,25.69,0.04612,0.5832,1.898,0,0,0,100,16.28,0.2133,403.9,200,1,0,-1,1,0,1,-1,1,1,1,3.789,3,4,[ OK ]
287.1,10-Mar-26 10:16:07,1.088E+06,96.67,0.0397,32.87,0.04632,0.6493,2.212,0,0,0,100,16.28,0.2117,404.3,200,1,0,-1,1,0,1,-1,1,1,1,3.789,3,4,[ OK ]
287.9,10-Mar-26 10:16:07,1.088E+06,96.67,0.04181,39.6,0.04414,0.6863,2.382,0,0,0,100,16.28,0.2125,404,200,1,0,-1,1,0,1,-1,1,1,1,3.789,3,4,[ OK ]
288.5,10-Mar-26 10:16:08,1.088E+06,96.67,0.043,41.69,0.04354,0.7011,2.459,0,0,0,100,16.28,0.2129,404.4,200,1,0,-1,1,0,1,-1,1,1,1,3.789,3,4,[ OK ]
289.0,10-Mar-26 10:16:08,1.088E+06,96.67,0.04402,42.39,0.04662,0.7132,2.5,0,0,0,100,16.28,0.212,404.1,200,1,0,-1,1,0,1,-1,1,1,1,3.789,3,4,[ OK ]
289.5,10-Mar-26 10:16:09,1.088E+06,96.67,0.04441,43.95,0.04513,0.7205,2.542,0,0,0,100,16.28,0.2111,404,200,1,0,-1,1,0,1,-1,1,1,1,3.789,3,4,[ OK ]
290.0,10-Mar-26 10:16:09,1.088E+06,96.67,0.04502,44.92,0.05039,0.7295,2.577,0,0,0,100,16.28,0.2112,404.4,200,1,0,-1,1,0,1,-1,1,1,1,3.789,3,4,[ OK ]
290.5,10-Mar-26 10:16:10,1.088E+06,96.67,0.04546,45.6,0.04721,0.7362,2.598,0,0,0,100,16.28,0.2127,404.3,200,1,0,-1,1,0,1,-1,1,1,1,3.789,3,4,[ OK ]
290.9,10-Mar-26 10:16:10,1.088E+06,96.67,0.04596,46.08,0.04771,0.7428,2.628,0,0,0,100,16.28,0.2106,404,200,1,0,-1,1,0,1,-1,1,1,1,3.789,3,4,[ OK ]
291.5,10-Mar-26 10:16:11,1.088E+06,96.67,0.04618,46.96,0.04562,0.7488,2.635,0,0,0,100,16.28,0.2106,403.9,200,1,0,-1,1,0,1,-1,1,1,1,3.789,3,4,[ OK ]
292.1,10-Mar-26 10:16:12,1.088E+06,96.67,0.0464,47.93,0.04741,0.7547,2.664,0,0,0,100,16.28,0.2122,404.3,200,1,0,-1,1,0,1,-1,1,1,1,3.789,3,4,[ OK ]
292.6,10-Mar-26 10:16:12,1.088E+06,96.67,0.04676,47.88,0.04771,0.7591,2.673,0,0,0,100,16.28,0.2128,404.4,200,1,0,-1,1,0,1,-1,1,1,1,3.789,3,4,[ OK ]
293.0,10-Mar-26 10:16:13,1.088E+06,96.67,0.04708,47.96,0.1452,0.7636,2.687,0,0,0,100,16.28,0.2173,404.1,200,1,0,-0.5236,1,1,1,-1,1,1,1,3.789,3,4,[ OK ]
293.6,10-Mar-26 10:16:13,1.088E+06,96.67,0.04775,47.05,0.04662,0.7674,2.694,0,0,0,100,16.28,0.2128,404.2,200,1,0,-1,1,0,1,-1,1,1,1,3.789,3,4,[ OK ]
294.2,10-Mar-26 10:16:14,1.088E+06,96.67,0.04783,48.26,0.04711,0.7718,2.706,0,0,0,100,16.28,0.2133,404.4,200,1,0,-1,1,0,1,-1,1,1,1,3.789,3,4,[ OK ]
294.7,10-Mar-26 10:16:14,1.088E+06,96.67,0.04792,48.64,0.04344,0.7749,2.711,0,0,0,100,16.28,0.2133,404.3,200,1,0,-1,1,0,1,-1,1,1,1,3.789,3,4,[ OK ]
295.1,10-Mar-26 10:16:15,1.088E+06,96.67,0.04846,47.61,0.04632,0.7782,2.719,0,0,0,100,16.28,0.2136,404,200,1,0,-1,1,0,1,-1,1,1,1,3.789,3,4,[ OK ]
295.7,10-Mar-26 10:16:15,1.088E+06,96.67,0.04828,48.63,0.04691,0.7806,2.726,0,0,0,100,16.28,0.2146,404.3,200,1,0,-1,1,0,1,-1,1,1,1,3.789,3,4,[ OK ]
296.1,10-Mar-26 10:16:16,1.088E+06,96.67,0.04876,47.42,0.2683,0.7833,2.734,0,0,0,100,16.28,0.2453,404.3,200,1,0,-0.2485,1,1,1,-1,1,1,1,3.789,3,4,[ OK ]
297.3,10-Mar-26 10:16:17,1.088E+06,96.67,0.04984,45.65,0.2058,0.7861,2.731,0,0,0,100,16.28,0.2514,404.1,200,1,0,-0.1953,1,1,1,-1,1,1,1,3.947,3,4,[ OK ]
298.5,10-Mar-26 10:16:18,1.088E+06,96.67,0.05402,41.45,0.2604,0.6451,2.068,0,0,0,100,16.28,0.2711,404.1,200,1,0,-0.01851,1,1,1,1,1,1,1,4,4,-1,[ OK ]
300.5,10-Mar-26 10:16:20,1.088E+06,96.67,0.07024,35.77,0.3782,0.5871,1.797,0,0,0,100,16.28,0.3016,404.3,200,1,0,0.2122,1,1,1,1,1,1,1,4,4,-1,[ OK ]
301.2,10-Mar-26 10:16:21,1.088E+06,96.67,0.08308,38.15,0.446,0.5732,1.734,0,0,0,100,16.28,0.3194,404,200,1,0,0.2927,1,1,1,1,1,1,1,4,4,-1,[ OK ]
301.7,10-Mar-26 10:16:21,1.088E+06,96.67,0.08862,41.05,0.4806,0.5674,1.699,0,0,0,100,16.28,0.3255,404,200,1,0,0.3261,1,1,1,1,1,1,1,4,4,-1,[ OK ]
302.1,10-Mar-26 10:16:22,1.088E+06,96.67,0.09701,42.71,0.5206,0.5636,1.687,0,0,0,100,16.28,0.3347,404.2,200,1,0,0.3643,1,1,1,1,1,1,1,4,4,-1,[ OK ]
302.6,10-Mar-26 10:16:22,1.088E+06,96.67,0.1053,46.86,0.5704,0.5575,1.664,0,0,0,100,16.28,0.342,404,200,1,0,0.3986,1,1,1,1,1,1,1,4,4,-1,[ OK ]
303.5,10-Mar-26 10:16:23,1.088E+06,96.67,0.1187,50.95,0.6307,0.5541,1.647,0,0,0,100,16.28,0.356,404.3,200,1,0,0.4427,1,1,1,1,1,1,1,4,4,-1,[ OK ]
304.2,10-Mar-26 10:16:24,1.088E+06,96.67,0.1352,64.13,0.7061,0.5467,1.617,0,0,0,100,16.28,0.3709,403.9,200,1,0,0.4763,1,1,1,1,1,1,1,4,4,-1,[ OK ]
304.7,10-Mar-26 10:16:24,1.088E+06,96.67,0.142,69.07,0.8009,0.5451,1.593,0,0,0,100,16.28,0.3914,404.2,200,1,0,0.5059,1,1,1,1,1,1,1,4,4,-1,[ OK ]
305.1,10-Mar-26 10:16:25,1.088E+06,96.67,0.1484,69.43,0.8168,0.5425,1.594,0,0,0,100,16.28,0.3936,404,200,1,0,0.5248,1,1,1,1,1,1,1,4,4,-1,[ OK ]
305.6,10-Mar-26 10:16:25,1.088E+06,96.67,0.1554,71.88,0.8425,0.5411,1.579,0,0,0,100,16.28,0.3996,404,200,1,0,0.5301,1,1,1,1,1,1,1,4,4,-1,[ OK ]
306.0,10-Mar-26 10:16:26,1.088E+06,96.67,0.1599,76.04,0.8724,0.5398,1.572,0,0,0,100,16.28,0.4001,404.3,200,1,0,0.5456,1,1,1,1,1,1,1,4,4,-1,[ OK ]
306.4,10-Mar-26 10:16:26,1.088E+06,96.67,0.163,78.94,0.8836,0.5385,1.572,0,0,0,100,16.28,0.4002,404.6,200,1,0,0.5486,1,1,1,1,1,1,1,4,4,-1,[ OK ]
306.9,10-Mar-26 10:16:26,1.088E+06,96.67,0.1673,84.49,0.8986,0.5375,1.562,0,0,0,100,16.28,0.392,404.4,200,1,0,0.5604,1,1,1,1,1,1,1,4,4,-1,[ OK ]
307.2,10-Mar-26 10:16:27,1.088E+06,96.67,0.1694,87.96,0.8927,0.5365,1.561,0,0,0,100,16.28,0.3937,404.3,200,1,0,0.5586,1,1,1,1,1,1,1,4,4,-1,[ OK ]
307.5,10-Mar-26 10:16:27,1.088E+06,96.67,0.1712,91.67,0.8864,0.5357,1.56,0,0,0,100,16.28,0.3917,404.2,200,1,0,0.5603,1,1,1,1,1,1,1,4,4,-1,[ OK ]
308.0,10-Mar-26 10:16:28,1.088E+06,96.67,0.1734,97.3,0.8766,0.5344,1.558,0,0,0,100,16.28,0.3887,404,200,1,0,0.5587,1,1,1,1,1,1,1,4,4,-1,[ OK ]
308.4,10-Mar-26 10:16:28,1.088E+06,96.67,0.1742,101.1,0.8817,0.5335,1.56,0,0,0,100,16.28,0.3845,404.3,200,1,0,0.5585,1,1,1,1,1,1,1,4,4,-1,[ OK ]
308.8,10-Mar-26 10:16:28,1.088E+06,96.67,0.1755,104.2,0.8683,0.5332,1.553,0,0,0,100,16.28,0.3804,404.2,200,1,0,0.5621,1,1,1,1,1,1,1,4,4,-1,[ OK ]
309.2,10-Mar-26 10:16:29,1.088E+06,96.67,0.1763,107.5,0.8456,0.5335,1.54,0,0,0,100,16.28,0.3783,404.1,200,1,0,0.5527,1,1,1,1,1,1,1,4,4,-1,[ OK ]
309.6,10-Mar-26 10:16:29,1.088E+06,96.67,0.1767,110.5,0.8276,0.5325,1.543,0,0,0,100,16.28,0.3731,404.4,200,1,0,0.5517,1,1,1,1,1,1,1,4,4,-1,[ OK ]
310.1,10-Mar-26 10:16:30,1.088E+06,96.67,0.1767,113.8,0.8108,0.5311,1.551,0,0,0,100,16.28,0.3681,404.2,200,1,0,0.5415,1,1,1,1,1,1,1,4,4,-1,[ OK ]
310.6,10-Mar-26 10:16:30,1.088E+06,96.67,0.1766,116.8,0.7965,0.5311,1.544,0,0,0,100,16.28,0.3622,404,200,1,0,0.5389,1,1,1,1,1,1,1,4,4,-1,[ OK ]
311.0,10-Mar-26 10:16:31,1.088E+06,96.67,0.1764,118.6,0.7731,0.5309,1.541,0,0,0,100,16.28,0.3568,404,200,1,0,0.5321,1,1,1,1,1,1,1,4,4,-1,[ OK ]
311.4,10-Mar-26 10:16:31,1.088E+06,96.67,0.1764,119.1,0.7646,0.5311,1.534,0,0,0,100,16.28,0.3543,404,200,1,0,0.5289,1,1,1,1,1,1,1,4,4,-1,[ OK ]
312.0,10-Mar-26 10:16:31,1.088E+06,96.67,0.1756,121.3,0.7341,0.5299,1.54,0,0,0,100,16.28,0.3475,404,200,1,0,0.5292,1,1,1,1,1,1,1,4,4,-1,[ OK ]
312.5,10-Mar-26 10:16:32,1.088E+06,96.67,0.1749,122.5,0.7179,0.5297,1.537,0,0,0,100,16.28,0.3441,404.3,200,1,0,0.5131,1,1,1,1,1,1,1,4,4,-1,[ OK ]
312.9,10-Mar-26 10:16:32,1.088E+06,96.68,0.174,123.7,0.7053,0.53,1.532,0,0,0,100,16.28,0.3377,403.9,200,1,0,0.5197,1,1,1,1,1,1,1,4,4,-1,[ OK ]
313.4,10-Mar-26 10:16:33,1.088E+06,96.68,0.1723,127.2,0.05842,0.5293,1.535,0,0,0,100,16.28,0.2178,404,200,1,0,-1,1,0,1,2.053,1,1,1,4,4,-1,[ OK ]
314.0,10-Mar-26 10:16:33,1.088E+06,96.68,0.1681,134.9,0.05832,0.5295,1.53,0,0,0,100,16.28,0.2177,404.3,200,1,0,-1,1,0,1,2.159,1,1,1,4,4,-1,[ OK ]
314.5,10-Mar-26 10:16:34,1.088E+06,96.68,0.1645,137.7,0.6353,0.5289,1.532,0,0,0,100,16.28,0.3272,404.1,200,1,0,0.4811,1,1,1,1,1,1,1,4,4,-1,[ OK ]
315.0,10-Mar-26 10:16:35,1.088E+06,96.68,0.1644,130.9,0.632,0.5293,1.526,0,0,0,100,16.28,0.3213,404.2,200,1,0,0.4843,1,1,1,1,1,1,1,4,4,-1,[ OK ]
315.4,10-Mar-26 10:16:35,1.088E+06,96.68,0.164,128.2,0.6175,0.5289,1.528,0,0,0,100,16.28,0.2164,404.3,200,1,0,-1,1,0,1,2.012,1,1,1,4,4,-1,[ OK ]
316.0,10-Mar-26 10:16:35,1.088E+06,96.68,0.1606,133.9,0.05921,0.5285,1.53,0,0,0,100,16.28,0.2196,404.1,200,1,0,-1,1,0,1,2.118,1,1,1,4,4,-1,[ OK ]
316.5,10-Mar-26 10:16:36,1.088E+06,96.68,0.1575,136.2,0.05773,0.528,1.534,0,0,0,100,16.28,0.2171,404,200,1,0,-1,1,0,1,1,1,1,1,4,4,-1,[ OK ]
317.0,10-Mar-26 10:16:37,1.088E+06,96.68,0.1568,131.3,0.5771,0.5277,1.536,0,0,0,100,16.28,0.3082,404.1,200,1,0,0.4603,1,1,1,1,1,1,1,4,4,-1,[ OK ]
317.4,10-Mar-26 10:16:37,1.088E+06,96.68,0.157,127.2,0.5699,0.5284,1.527,0,0,0,100,16.28,0.2166,404.2,200,1,0,-1,1,0,1,2.012,1,1,1,4,4,-1,[ OK ]
317.8,10-Mar-26 10:16:37,1.088E+06,96.68,0.155,130.5,0.05564,0.5275,1.534,0,0,0,100,16.28,0.216,404,200,1,0,-1,1,0,1,2.097,1,1,1,4,4,-1,[ OK ]
318.3,10-Mar-26 10:16:38,1.088E+06,96.68,0.153,132.4,0.05654,0.5273,1.536,0,0,0,100,16.28,0.2162,404.3,200,1,0,-1,1,0,1,2.182,1,1,1,4,4,-1,[ OK ]
318.7,10-Mar-26 10:16:38,1.088E+06,96.68,0.1515,131.8,0.541,0.5284,1.523,0,0,0,100,16.28,0.3006,404.1,200,1,0,0.4411,1,1,1,1,1,1,1,4,4,-1,[ OK ]
319.1,10-Mar-26 10:16:39,1.088E+06,96.68,0.152,126.6,0.5435,0.5276,1.532,0,0,0,100,16.28,0.2172,404,200,1,0,-1,1,0,1,2.012,1,1,1,4,4,-1,[ OK ]
319.7,10-Mar-26 10:16:39,1.088E+06,96.68,0.1501,128.9,0.05128,0.5279,1.526,0,0,0,100,16.28,0.2175,403.9,200,1,0,-1,1,0,1,2.118,1,1,1,4,4,-1,[ OK ]
320.2,10-Mar-26 10:16:40,1.088E+06,96.68,0.1478,131.1,0.05426,0.5275,1.53,0,0,0,100,16.28,0.2155,404.2,200,1,0,-1,1,0,1,1,1,1,1,4,4,-1,[ OK ]
320.7,10-Mar-26 10:16:40,1.088E+06,96.68,0.1481,125.6,0.5071,0.5277,1.527,0,0,0,100,16.28,0.2904,404.1,200,1,0,0.4299,1,1,1,1,1,1,1,4,4,-1,[ OK ]
321.2,10-Mar-26 10:16:41,1.088E+06,96.68,0.1486,122.2,0.5106,0.5274,1.528,0,0,0,100,16.28,0.2897,403.9,200,1,0,0.424,1,1,1,1,1,1,1,4,4,-1,[ OK ]
321.7,10-Mar-26 10:16:41,1.088E+06,96.68,0.1491,120.2,0.07538,0.5276,1.524,0,0,0,100,16.28,0.2158,404,200,1,0,-1,1,0,1,2.036,1,1,1,4,4,-1,[ OK ]
322.1,10-Mar-26 10:16:42,1.088E+06,96.68,0.1472,125.1,0.05812,0.5267,1.533,0,0,0,100,16.28,0.2154,403.9,200,1,0,-1,1,0,1,2.122,1,1,1,4,4,-1,[ OK ]
322.5,10-Mar-26 10:16:42,1.088E+06,96.68,0.1459,127,0.05495,0.5268,1.532,0,0,0,100,16.28,0.2162,404.3,200,1,0,-1,1,0,1,2.207,1,1,1,4,4,-1,[ OK ]
322.9,10-Mar-26 10:16:42,1.088E+06,96.68,0.1454,125.5,0.4877,0.5265,1.535,0,0,0,100,16.28,0.2856,404.1,200,1,0,0.4153,1,1,1,1,1,1,1,4,4,-1,[ OK ]
323.4,10-Mar-26 10:16:43,1.088E+06,96.68,0.1463,121.3,0.4778,0.5267,1.532,0,0,0,100,16.28,0.2823,404.3,200,1,0,0.413,1,1,1,1,1,1,1,4,4,-1,[ OK ]
323.8,10-Mar-26 10:16:43,1.088E+06,96.68,0.1467,119.9,0.4762,0.5265,1.534,0,0,0,100,16.28,0.2823,404.3,200,1,0,0.4087,1,1,1,1,1,1,1,4,4,-1,[ OK ]
324.2,10-Mar-26 10:16:44,1.088E+06,96.68,0.1472,118.7,0.4775,0.5271,1.527,0,0,0,100,16.28,0.2804,404.2,200,1,0,0.4072,1,1,1,1,1,1,1,4,4,-1,[ OK ]
324.6,10-Mar-26 10:16:44,1.088E+06,96.68,0.1476,118,0.474,0.5271,1.527,0,0,0,100,16.28,0.281,403.8,200,1,0,0.3996,1,1,1,1,1,1,1,4,4,-1,[ OK ]
325.1,10-Mar-26 10:16:45,1.088E+06,96.68,0.1474,119.7,0.05564,0.5263,1.534,0,0,0,100,16.28,0.2153,404.2,200,1,0,-1,1,0,1,2.064,1,1,1,4,4,-1,[ OK ]
325.5,10-Mar-26 10:16:45,1.088E+06,96.68,0.1458,124.1,0.05902,0.5259,1.537,0,0,0,100,16.28,0.2156,404,200,1,0,-1,1,0,1,2.15,1,1,1,4,4,-1,[ OK ]
325.9,10-Mar-26 10:16:45,1.088E+06,96.68,0.1445,126.3,0.05485,0.5264,1.531,0,0,0,100,16.28,0.2811,403.9,200,1,0,0.2195,1,1,1,1,1,1,1,4,4,-1,[ OK ]
326.3,10-Mar-26 10:16:46,1.088E+06,96.68,0.1451,122.2,0.4573,0.5269,1.525,0,0,0,100,16.28,0.2778,403.9,200,1,0,0.3909,1,1,1,1,1,1,1,4,4,-1,[ OK ]
326.7,10-Mar-26 10:16:46,1.088E+06,96.68,0.1454,120.7,0.4561,0.5263,1.531,0,0,0,100,16.28,0.2755,404.2,200,1,0,0.3972,1,1,1,1,1,1,1,4,4,-1,[ OK ]
327.2,10-Mar-26 10:16:47,1.088E+06,96.68,0.146,118.9,0.4537,0.5261,1.532,0,0,0,100,16.28,0.2751,403.9,200,1,0,0.3951,1,1,1,1,1,1,1,4,4,-1,[ OK ]
327.6,10-Mar-26 10:16:47,1.088E+06,96.68,0.1466,117.8,0.4519,0.5265,1.527,0,0,0,100,16.28,0.275,404.1,200,1,0,0.3905,1,1,1,1,1,1,1,4,4,-1,[ OK ]
328.0,10-Mar-26 10:16:48,1.088E+06,96.68,0.1469,117.8,0.4535,0.5268,1.524,0,0,0,100,16.28,0.2747,404.1,200,1,0,0.3926,1,1,1,1,1,1,1,4,4,-1,[ OK ]
328.4,10-Mar-26 10:16:48,1.088E+06,96.68,0.1473,117.2,0.4495,0.5267,1.525,0,0,0,100,16.28,0.2336,404.3,200,1,0,0.4655,1,0,1,2,1,1,1,4,4,-1,[ OK ]
328.9,10-Mar-26 10:16:48,1.088E+06,96.68,0.1464,120.8,0.05138,0.5267,1.525,0,0,0,100,16.28,0.2165,404,200,1,0,-1,1,0,1,2.085,1,1,1,4,4,-1,[ OK ]
329.3,10-Mar-26 10:16:49,1.088E+06,96.68,0.1452,123.6,0.05614,0.5264,1.527,0,0,0,100,16.28,0.2159,404,200,1,0,-1,1,0,1,2.171,1,1,1,4,4,-1,[ OK ]
329.7,10-Mar-26 10:16:49,1.088E+06,96.68,0.1439,125.7,0.4122,0.5259,1.532,0,0,0,100,16.28,0.271,403.9,200,1,0,0.3764,1,1,1,1,1,1,1,4,4,-1,[ OK ]
330.1,10-Mar-26 10:16:50,1.088E+06,96.68,0.1447,121.6,0.4459,0.5257,1.533,0,0,0,100,16.28,0.2156,404.2,200,1,0,-1,1,0,1,2.012,1,1,1,4,4,-1,[ OK ]
330.6,10-Mar-26 10:16:50,1.088E+06,96.68,0.1433,124.7,0.05505,0.5259,1.531,0,0,0,100,16.28,0.2162,403.9,200,1,0,-1,1,0,1,2.098,1,1,1,4,4,-1,[ OK ]
331.1,10-Mar-26 10:16:51,1.088E+06,96.68,0.1417,126.8,0.05465,0.5258,1.532,0,0,0,100,16.28,0.2158,403.9,200,1,0,-1,1,0,1,2.204,1,1,1,4,4,-1,[ OK ]
331.5,10-Mar-26 10:16:51,1.088E+06,96.68,0.142,123.3,0.4289,0.5257,1.533,0,0,0,100,16.28,0.2687,404,200,1,0,0.3732,1,1,1,1,1,1,1,4,4,-1,[ OK ]
331.9,10-Mar-26 10:16:51,1.088E+06,96.68,0.1429,119.7,0.422,0.5263,1.527,0,0,0,100,16.28,0.2687,404.1,200,1,0,0.3702,1,1,1,1,1,1,1,4,4,-1,[ OK ]
332.4,10-Mar-26 10:16:52,1.088E+06,96.68,0.1424,121.6,0.05356,0.5264,1.525,0,0,0,100,16.28,0.216,404.2,200,1,0,-1,1,0,1,2.071,1,1,1,4,4,-1,[ OK ]
332.8,10-Mar-26 10:16:52,1.088E+06,96.68,0.1414,123.4,0.05039,0.5262,1.527,0,0,0,100,16.28,0.215,404.3,200,1,0,-1,1,0,1,2.156,1,1,1,4,4,-1,[ OK ]
333.2,10-Mar-26 10:16:53,1.088E+06,96.68,0.1404,125,0.05783,0.5264,1.524,0,0,0,100,16.28,0.2695,404.4,200,1,0,0.3388,1,1,1,1,1,1,1,4,4,-1,[ OK ]
333.6,10-Mar-26 10:16:53,1.088E+06,96.68,0.141,121.7,0.42,0.5266,1.522,0,0,0,100,16.28,0.265,404,200,1,0,0.374,1,1,1,1,1,1,1,4,4,-1,[ OK ]
334.1,10-Mar-26 10:16:54,1.088E+06,96.68,0.1418,119,0.4158,0.5266,1.523,0,0,0,100,16.28,0.2644,404.3,200,1,0,0.357,1,1,1,1,1,1,1,4,4,-1,[ OK ]
334.4,10-Mar-26 10:16:54,1.088E+06,96.68,0.1425,117.2,0.4135,0.5264,1.523,0,0,0,100,16.28,0.2668,403.8,200,1,0,0.3711,1,0,1,2,1,1,1,4,4,-1,[ OK ]
334.7,10-Mar-26 10:16:54,1.088E+06,96.68,0.1421,119.2,0.05525,0.5261,1.526,0,0,0,100,16.28,0.2166,404,200,1,0,-1,1,0,1,2.065,1,1,1,4,4,-1,[ OK ]
335.1,10-Mar-26 10:16:55,1.088E+06,96.68,0.1412,121.7,0.05118,0.5255,1.533,0,0,0,100,16.28,0.215,404.3,200,1,0,-1,1,0,1,2.15,1,1,1,4,4,-1,[ OK ]
335.6,10-Mar-26 10:16:55,1.088E+06,96.68,0.1402,123.7,0.05535,0.5255,1.533,0,0,0,100,16.28,0.2681,404,200,1,0,0.3076,1,1,1,1,1,1,1,4,4,-1,[ OK ]
335.9,10-Mar-26 10:16:55,1.088E+06,96.68,0.1404,122.1,0.4139,0.5251,1.538,0,0,0,100,16.28,0.2633,404.2,200,1,0,0.3604,1,1,1,1,1,1,1,4,4,-1,[ OK ]
336.2,10-Mar-26 10:16:56,1.088E+06,96.68,0.1411,119.6,0.4077,0.5256,1.533,0,0,0,100,16.28,0.2603,404.2,200,1,0,0.3638,1,1,1,1,1,1,1,4,4,-1,[ OK ]
336.6,10-Mar-26 10:16:56,1.088E+06,96.68,0.1417,118.1,0.4099,0.5257,1.53,0,0,0,100,16.28,0.2633,404,200,1,0,0.3687,1,0,1,2,1,1,1,4,4,-1,[ OK ]
337.0,10-Mar-26 10:16:57,1.088E+06,96.68,0.1413,120.2,0.05426,0.526,1.527,0,0,0,100,16.28,0.2152,404.3,200,1,0,-1,1,0,1,2.086,1,1,1,4,4,-1,[ OK ]
337.4,10-Mar-26 10:16:57,1.088E+06,96.68,0.1407,121.7,0.05445,0.5261,1.527,0,0,0,100,16.28,0.2154,404.2,200,1,0,-1,1,0,1,2.151,1,1,1,4,4,-1,[ OK ]
337.7,10-Mar-26 10:16:57,1.088E+06,96.68,0.14,122.9,0.05326,0.5261,1.525,0,0,0,100,16.28,0.2146,404.4,200,1,0,-1,1,0,1,2.215,1,1,1,4,4,-1,[ OK ]
338.1,10-Mar-26 10:16:58,1.088E+06,96.68,0.1391,124.4,0.05564,0.5264,1.521,0,0,0,100,16.28,0.2127,404.2,200,1,0,-1,1,0,1,2.301,1,1,1,4,4,-1,[ OK ]
338.4,10-Mar-26 10:16:58,1.088E+06,96.68,0.139,123.3,0.402,0.5263,1.522,0,0,0,100,16.28,0.2608,404.1,200,1,0,0.3607,1,1,1,1,1,1,1,4,4,-1,[ OK ]
338.8,10-Mar-26 10:16:58,1.088E+06,96.68,0.1398,120.2,0.3979,0.5262,1.523,0,0,0,100,16.28,0.254,404,200,1,0,0.373,1,1,1,2,1,1,1,4,4,-1,[ OK ]
339.1,10-Mar-26 10:16:59,1.088E+06,96.68,0.1395,121.2,0.05426,0.5254,1.531,0,0,0,100,16.28,0.2156,403.9,200,1,0,-1,1,0,1,2.065,1,1,1,4,4,-1,[ OK ]
339.5,10-Mar-26 10:16:59,1.088E+06,96.68,0.1388,122.5,0.05564,0.5253,1.531,0,0,0,100,16.28,0.2156,404.3,200,1,0,-1,1,0,1,2.15,1,1,1,4,4,-1,[ OK ]
339.8,10-Mar-26 10:16:59,1.088E+06,96.68,0.1383,123.1,0.05366,0.5255,1.528,0,0,0,100,16.28,0.2156,404,200,1,0,-1,1,0,1,2.214,1,1,1,4,4,-1,[ OK ]
340.2,10-Mar-26 10:17:00,1.088E+06,96.68,0.1381,122.7,0.3962,0.5256,1.528,0,0,0,100,16.28,0.2598,404.1,200,1,0,0.347,1,1,1,1,1,1,1,4,4,-1,[ OK ]
340.5,10-Mar-26 10:17:00,1.088E+06,96.68,0.1391,119.2,0.3953,0.5249,1.535,0,0,0,100,16.28,0.2575,404,200,1,0,0.3478,1,1,1,1,1,1,1,4,4,-1,[ OK ]
340.9,10-Mar-26 10:17:00,1.088E+06,96.68,0.1397,118,0.3982,0.526,1.523,0,0,0,100,16.28,0.2585,404.3,200,1,0,0.3415,1,1,1,1,1,1,1,4,4,-1,[ OK ]
341.2,10-Mar-26 10:17:01,1.088E+06,96.68,0.1403,116.9,0.4027,0.5249,1.534,0,0,0,100,16.28,0.2585,404.1,200,1,0,0.3458,1,1,1,1,1,1,1,4,4,-1,[ OK ]
341.5,10-Mar-26 10:17:01,1.088E+06,96.68,0.1408,116.3,0.4016,0.5263,1.52,0,0,0,100,16.28,0.2166,404,200,1,0,-1,1,0,1,2.012,1,1,1,4,4,-1,[ OK ]
341.9,10-Mar-26 10:17:01,1.088E+06,96.68,0.1403,119.1,0.05366,0.5258,1.524,0,0,0,100,16.28,0.2162,403.9,200,1,0,-1,1,0,1,2.077,1,1,1,4,4,-1,[ OK ]
342.3,10-Mar-26 10:17:02,1.088E+06,96.68,0.1396,121.2,0.05019,0.525,1.534,0,0,0,100,16.28,0.2151,404.4,200,1,0,-1,1,0,1,2.162,1,1,1,4,4,-1,[ OK ]
342.6,10-Mar-26 10:17:02,1.088E+06,96.68,0.139,122.4,0.05376,0.5257,1.526,0,0,0,100,16.28,0.216,404,200,1,0,-1,1,0,1,2.226,1,1,1,4,4,-1,[ OK ]
342.9,10-Mar-26 10:17:02,1.088E+06,96.68,0.1384,123.3,0.05455,0.5247,1.537,0,0,0,100,16.28,0.2162,404.2,200,1,0,-1,1,0,1,2.291,1,1,1,4,4,-1,[ OK ]
343.3,10-Mar-26 10:17:03,1.088E+06,96.68,0.1379,123.8,0.05039,0.526,1.522,0,0,0,100,16.28,0.2156,404.1,200,1,0,-1,1,0,1,1,1,1,1,4,4,-1,[ OK ]
343.7,10-Mar-26 10:17:03,1.088E+06,96.68,0.1382,121.7,0.3971,0.5254,1.528,0,0,0,100,16.28,0.2589,404,200,1,0,0.3443,1,1,1,1,1,1,1,4,4,-1,[ OK ]
344.1,10-Mar-26 10:17:04,1.088E+06,96.68,0.1387,120,0.05376,0.5258,1.524,0,0,0,100,16.28,0.216,404.2,200,1,0,-1,1,0,1,2.071,1,1,1,4,4,-1,[ OK ]
344.4,10-Mar-26 10:17:04,1.088E+06,96.68,0.1378,122.2,0.05406,0.5253,1.529,0,0,0,100,16.28,0.2184,403.9,200,1,0,-1,1,0,1,2.136,1,1,1,4,4,-1,[ OK ]
344.7,10-Mar-26 10:17:04,1.088E+06,96.68,0.1372,123.5,0.05465,0.5256,1.526,0,0,0,100,16.28,0.2185,404,200,1,0,-1,1,0,1,2.2,1,1,1,4,4,-1,[ OK ]
345.2,10-Mar-26 10:17:05,1.088E+06,96.68,0.1367,123.8,0.05138,0.5258,1.524,0,0,0,100,16.28,0.2173,403.9,200,1,0,-1,1,0,1,2.285,1,1,1,4,4,-1,[ OK ]
345.5,10-Mar-26 10:17:05,1.088E+06,96.68,0.1365,123.4,0.05802,0.5254,1.527,0,0,0,100,16.28,0.2179,404,200,1,0,-1,1,0,1,2.35,1,1,1,4,4,-1,[ OK ]
345.8,10-Mar-26 10:17:05,1.088E+06,96.68,0.1361,123.6,0.05673,0.5259,1.521,0,0,0,100,16.28,0.2179,404.1,200,1,0,-1,1,0,1,2.414,1,1,1,4,4,-1,[ OK ]
346.1,10-Mar-26 10:17:06,1.088E+06,96.68,0.1359,123.2,0.3906,0.5249,1.531,0,0,0,100,16.28,0.2583,404.3,200,1,0,0.3426,1,1,1,1,1,1,1,4,4,-1,[ OK ]
346.7,10-Mar-26 10:17:06,1.088E+06,96.68,0.1373,118.4,0.3862,0.5248,1.532,0,0,0,100,16.28,0.2181,404,200,1,0,-1,1,0,1,2.012,1,1,1,4,4,-1,[ OK ]
347.0,10-Mar-26 10:17:07,1.088E+06,96.68,0.1369,120.1,0.05049,0.5254,1.525,0,0,0,100,16.28,0.2173,404,200,1,0,-1,1,0,1,2.076,1,1,1,4,4,-1,[ OK ]
347.3,10-Mar-26 10:17:07,1.088E+06,96.68,0.1366,121,0.05505,0.5251,1.529,0,0,0,100,16.28,0.2167,404.3,200,1,0,-1,1,0,1,2.141,1,1,1,4,4,-1,[ OK ]
347.8,10-Mar-26 10:17:07,1.088E+06,96.68,0.1361,121.5,0.3396,0.5251,1.528,0,0,0,100,16.28,0.2592,404.1,200,1,0,0.3229,1,1,1,1,1,1,1,4,4,-1,[ OK ]
348.2,10-Mar-26 10:17:08,1.088E+06,96.68,0.137,118.7,0.3892,0.5255,1.523,0,0,0,100,16.28,0.2559,404.3,200,1,0,0.344,1,1,1,1,1,1,1,4,4,-1,[ OK ]
348.6,10-Mar-26 10:17:08,1.088E+06,96.68,0.138,116.5,0.3877,0.5253,1.525,0,0,0,100,16.28,0.2578,404,200,1,0,0.3383,1,1,1,1,1,1,1,4,4,-1,[ OK ]
349.1,10-Mar-26 10:17:09,1.088E+06,96.68,0.1385,116.8,0.05455,0.5247,1.533,0,0,0,100,16.28,0.2169,404.2,200,1,0,-1,1,0,1,2.057,1,1,1,4,4,-1,[ OK ]
349.6,10-Mar-26 10:17:09,1.088E+06,96.68,0.1376,120.3,0.05445,0.5255,1.524,0,0,0,100,16.28,0.2179,403.8,200,1,0,-1,1,0,1,2.164,1,1,1,4,4,-1,[ OK ]
350.2,10-Mar-26 10:17:10,1.088E+06,96.68,0.1368,122.2,0.05465,0.5252,1.527,0,0,0,100,16.28,0.2161,404.2,200,1,0,-1,1,0,1,2.27,1,1,1,4,4,-1,[ OK ]
350.6,10-Mar-26 10:17:10,1.088E+06,96.68,0.1363,123,0.05455,0.5251,1.528,0,0,0,100,16.28,0.2178,404.3,200,1,0,-1,1,0,1,2.355,1,1,1,4,4,-1,[ OK ]
351.1,10-Mar-26 10:17:11,1.088E+06,96.68,0.1355,123.9,0.05376,0.5257,1.521,0,0,0,100,16.28,0.2605,404.3,200,1,0,0.3059,1,1,1,1,1,1,1,4,4,-1,[ OK ]
352.2,10-Mar-26 10:17:12,1.088E+06,96.68,0.1365,120,0.05654,0.5253,1.526,0,0,0,100,16.28,0.2183,403.9,200,1,0,-1,1,0,1,-1,1,1,1,3.875,4,2,[ OK ]
353.7,10-Mar-26 10:17:13,1.088E+06,96.68,0,107,0.04463,0.5247,1.53,0,0,0,100,16.28,0.2151,404.2,200,1,0,0,1,0,1,-1,1,0,1,3.625,4,2,[ OK ]
354.6,10-Mar-26 10:17:14,1.088E+06,96.68,0,57.34,0.0616,0.5253,1.528,0,0,0,100,16.28,0.2159,403.9,200,1,0,0,1,0,1,-1,1,0,1,3.625,4,2,[ OK ]
355.2,10-Mar-26 10:17:15,1.088E+06,96.68,0,31.33,0.04374,0.5256,1.524,0,0,0,100,16.28,0.2114,404.3,200,1,0,0,1,0,1,-1,1,0,1,3.625,4,2,[ OK ]
356.5,10-Mar-26 10:17:16,1.088E+06,96.68,0,15.28,0.04245,0.5247,1.532,0,0,0,100,16.28,0.2104,404.1,200,1,0,0,1,0,1,-1,1,0,1,3.125,4,2,[ OK ]
357.8,10-Mar-26 10:17:17,1.088E+06,96.68,0,4.552,0.04186,0.5247,1.532,0,0,0,100,16.28,0.003223,1.37,200,0,0,0,1,0,1,-1,1,0,2.627,3,3,2,[ OK ]
